log,1,albatross+zalbatross,2,53188,3,5,4,100,5,0.9,6,13,7,False,8,53188-5-100-0.9-13-False.cnf,stdout,1,UNSATISFIABLE,0.006
log,1,albatross+zalbatross,2,53188,3,5,4,100,5,0.9,6,14,7,False,8,53188-5-100-0.9-14-False.cnf,stdout,1,UNSATISFIABLE,0.006
log,1,albatross+zalbatross,2,53188,3,5,4,100,5,0.9,6,15,7,False,8,53188-5-100-0.9-15-False.cnf,stdout,1,UNSATISFIABLE,0.006
log,1,albatross+zalbatross,2,53188,3,5,4,100,5,0.9,6,16,7,False,8,53188-5-100-0.9-16-False.cnf,stdout,1,UNSATISFIABLE,0.006
log,1,albatross+zalbatross,2,53188,3,5,4,100,5,0.9,6,17,7,False,8,53188-5-100-0.9-17-False.cnf,stdout,1,UNSATISFIABLE,0.005
log,1,albatross+zalbatross,2,53188,3,5,4,100,5,0.8,6,13,7,False,8,53188-5-100-0.8-13-False.cnf,stdout,16,UNSATISFIABLE,0.008
log,1,albatross+zalbatross,2,53188,3,5,4,100,5,0.8,6,14,7,False,8,53188-5-100-0.8-14-False.cnf,stdout,127,UNSATISFIABLE,0.023
log,1,albatross+zalbatross,2,53188,3,5,4,100,5,0.8,6,15,7,False,8,53188-5-100-0.8-15-False.cnf,stdout,285,SATISFIABLE,0.128
log,1,albatross+zalbatross,2,53188,3,5,4,100,5,0.8,6,16,7,False,8,53188-5-100-0.8-16-False.cnf,stdout,240,SATISFIABLE,0.088
log,1,albatross+zalbatross,2,53188,3,5,4,100,5,0.8,6,17,7,False,8,53188-5-100-0.8-17-False.cnf,stdout,0,SATISFIABLE,0.016
log,1,albatross+zalbatross,2,53188,3,5,4,100,5,0.7,6,13,7,False,8,53188-5-100-0.7-13-False.cnf,stdout,1,UNSATISFIABLE,0.026
log,1,albatross+zalbatross,2,53188,3,5,4,100,5,0.7,6,14,7,False,8,53188-5-100-0.7-14-False.cnf,stdout,1084,SATISFIABLE,0.225
log,1,albatross+zalbatross,2,53188,3,5,4,100,5,0.7,6,15,7,False,8,53188-5-100-0.7-15-False.cnf,stdout,5211,SATISFIABLE,1.052
log,1,albatross+zalbatross,2,53188,3,5,4,100,5,0.7,6,16,7,False,8,53188-5-100-0.7-16-False.cnf,stdout,0,SATISFIABLE,0.019
log,1,albatross+zalbatross,2,53188,3,5,4,100,5,0.7,6,17,7,False,8,53188-5-100-0.7-17-False.cnf,stdout,0,SATISFIABLE,0.009
log,1,albatross+zalbatross,2,53188,3,5,4,100,5,0.6,6,13,7,False,8,53188-5-100-0.6-13-False.cnf,stdout,1,UNSATISFIABLE,0.026
log,1,albatross+zalbatross,2,53188,3,5,4,100,5,0.6,6,14,7,False,8,53188-5-100-0.6-14-False.cnf,stdout,1009,SATISFIABLE,0.243
log,1,albatross+zalbatross,2,53188,3,5,4,100,5,0.6,6,15,7,False,8,53188-5-100-0.6-15-False.cnf,stdout,7352,SATISFIABLE,2.394
log,1,albatross+zalbatross,2,53188,3,5,4,100,5,0.6,6,16,7,False,8,53188-5-100-0.6-16-False.cnf,stdout,0,SATISFIABLE,0.026
log,1,albatross+zalbatross,2,53188,3,5,4,100,5,0.6,6,17,7,False,8,53188-5-100-0.6-17-False.cnf,stdout,6096,SATISFIABLE,1.575
log,1,albatross+zalbatross,2,53188,3,5,4,100,5,0.5,6,13,7,False,8,53188-5-100-0.5-13-False.cnf,stdout,4561,UNSATISFIABLE,1.236
log,1,albatross+zalbatross,2,53188,3,5,4,100,5,0.5,6,14,7,False,8,53188-5-100-0.5-14-False.cnf,stdout,27539,SATISFIABLE,12.269
log,1,albatross+zalbatross,2,53188,3,5,4,100,5,0.5,6,15,7,False,8,53188-5-100-0.5-15-False.cnf,stdout,61443,SATISFIABLE,36.291
log,1,albatross+zalbatross,2,53188,3,5,4,100,5,0.5,6,16,7,False,8,53188-5-100-0.5-16-False.cnf,stdout,62384,SATISFIABLE,30.802
log,1,albatross+zalbatross,2,53188,3,5,4,100,5,0.5,6,17,7,False,8,53188-5-100-0.5-17-False.cnf,stdout,0,SATISFIABLE,0.023
log,1,albatross+zalbatross,2,22710,3,5,4,100,5,0.9,6,13,7,False,8,22710-5-100-0.9-13-False.cnf,stdout,1,UNSATISFIABLE,0.004
log,1,albatross+zalbatross,2,22710,3,5,4,100,5,0.9,6,14,7,False,8,22710-5-100-0.9-14-False.cnf,stdout,1,UNSATISFIABLE,0.006
log,1,albatross+zalbatross,2,22710,3,5,4,100,5,0.9,6,15,7,False,8,22710-5-100-0.9-15-False.cnf,stdout,1,UNSATISFIABLE,0.006
log,1,albatross+zalbatross,2,22710,3,5,4,100,5,0.9,6,16,7,False,8,22710-5-100-0.9-16-False.cnf,stdout,1,UNSATISFIABLE,0.028
log,1,albatross+zalbatross,2,22710,3,5,4,100,5,0.9,6,17,7,False,8,22710-5-100-0.9-17-False.cnf,stdout,21,SATISFIABLE,0.032
log,1,albatross+zalbatross,2,22710,3,5,4,100,5,0.8,6,13,7,False,8,22710-5-100-0.8-13-False.cnf,stdout,1,UNSATISFIABLE,0.006
log,1,albatross+zalbatross,2,22710,3,5,4,100,5,0.8,6,14,7,False,8,22710-5-100-0.8-14-False.cnf,stdout,107,UNSATISFIABLE,0.052
log,1,albatross+zalbatross,2,22710,3,5,4,100,5,0.8,6,15,7,False,8,22710-5-100-0.8-15-False.cnf,stdout,384,SATISFIABLE,0.118
log,1,albatross+zalbatross,2,22710,3,5,4,100,5,0.8,6,16,7,False,8,22710-5-100-0.8-16-False.cnf,stdout,1549,SATISFIABLE,0.335
log,1,albatross+zalbatross,2,22710,3,5,4,100,5,0.8,6,17,7,False,8,22710-5-100-0.8-17-False.cnf,stdout,0,SATISFIABLE,0.019
log,1,albatross+zalbatross,2,22710,3,5,4,100,5,0.7,6,13,7,False,8,22710-5-100-0.7-13-False.cnf,stdout,1,UNSATISFIABLE,0.029
log,1,albatross+zalbatross,2,22710,3,5,4,100,5,0.7,6,14,7,False,8,22710-5-100-0.7-14-False.cnf,stdout,1,UNSATISFIABLE,0.029
log,1,albatross+zalbatross,2,22710,3,5,4,100,5,0.7,6,15,7,False,8,22710-5-100-0.7-15-False.cnf,stdout,1350,SATISFIABLE,0.279
log,1,albatross+zalbatross,2,22710,3,5,4,100,5,0.7,6,16,7,False,8,22710-5-100-0.7-16-False.cnf,stdout,4258,SATISFIABLE,1.139
log,1,albatross+zalbatross,2,22710,3,5,4,100,5,0.7,6,17,7,False,8,22710-5-100-0.7-17-False.cnf,stdout,6891,SATISFIABLE,2.253
log,1,albatross+zalbatross,2,22710,3,5,4,100,5,0.6,6,13,7,False,8,22710-5-100-0.6-13-False.cnf,stdout,1,UNSATISFIABLE,0.007
log,1,albatross+zalbatross,2,22710,3,5,4,100,5,0.6,6,14,7,False,8,22710-5-100-0.6-14-False.cnf,stdout,1,UNSATISFIABLE,0.029
log,1,albatross+zalbatross,2,22710,3,5,4,100,5,0.6,6,15,7,False,8,22710-5-100-0.6-15-False.cnf,stdout,173,UNSATISFIABLE,0.108
log,1,albatross+zalbatross,2,22710,3,5,4,100,5,0.6,6,16,7,False,8,22710-5-100-0.6-16-False.cnf,stdout,6118,SATISFIABLE,1.858
log,1,albatross+zalbatross,2,22710,3,5,4,100,5,0.6,6,17,7,False,8,22710-5-100-0.6-17-False.cnf,stdout,0,SATISFIABLE,0.026
log,1,albatross+zalbatross,2,22710,3,5,4,100,5,0.5,6,13,7,False,8,22710-5-100-0.5-13-False.cnf,stdout,1,UNSATISFIABLE,0.027
log,1,albatross+zalbatross,2,22710,3,5,4,100,5,0.5,6,14,7,False,8,22710-5-100-0.5-14-False.cnf,stdout,14966,UNSATISFIABLE,9.738
log,1,albatross+zalbatross,2,22710,3,5,4,100,5,0.5,6,15,7,False,8,22710-5-100-0.5-15-False.cnf,stdout,30461,SATISFIABLE,15.936
log,1,albatross+zalbatross,2,22710,3,5,4,100,5,0.5,6,16,7,False,8,22710-5-100-0.5-16-False.cnf,stdout,67004,SATISFIABLE,44.088
log,1,albatross+zalbatross,2,22710,3,5,4,100,5,0.5,6,17,7,False,8,22710-5-100-0.5-17-False.cnf,stdout,170763,SATISFIABLE,152.128
log,1,albatross+zalbatross,2,42462,3,5,4,100,5,0.9,6,13,7,False,8,42462-5-100-0.9-13-False.cnf,stdout,1,UNSATISFIABLE,0.006
log,1,albatross+zalbatross,2,42462,3,5,4,100,5,0.9,6,14,7,False,8,42462-5-100-0.9-14-False.cnf,stdout,1,UNSATISFIABLE,0.006
log,1,albatross+zalbatross,2,42462,3,5,4,100,5,0.9,6,15,7,False,8,42462-5-100-0.9-15-False.cnf,stdout,1,UNSATISFIABLE,0.007
log,1,albatross+zalbatross,2,42462,3,5,4,100,5,0.9,6,16,7,False,8,42462-5-100-0.9-16-False.cnf,stdout,1,UNSATISFIABLE,0.006
log,1,albatross+zalbatross,2,42462,3,5,4,100,5,0.9,6,17,7,False,8,42462-5-100-0.9-17-False.cnf,stdout,1,UNSATISFIABLE,0.027
log,1,albatross+zalbatross,2,42462,3,5,4,100,5,0.8,6,13,7,False,8,42462-5-100-0.8-13-False.cnf,stdout,1,UNSATISFIABLE,0.029
log,1,albatross+zalbatross,2,42462,3,5,4,100,5,0.8,6,14,7,False,8,42462-5-100-0.8-14-False.cnf,stdout,159,UNSATISFIABLE,0.072
log,1,albatross+zalbatross,2,42462,3,5,4,100,5,0.8,6,15,7,False,8,42462-5-100-0.8-15-False.cnf,stdout,22,SATISFIABLE,0.088
log,1,albatross+zalbatross,2,42462,3,5,4,100,5,0.8,6,16,7,False,8,42462-5-100-0.8-16-False.cnf,stdout,3562,SATISFIABLE,1.072
log,1,albatross+zalbatross,2,42462,3,5,4,100,5,0.8,6,17,7,False,8,42462-5-100-0.8-17-False.cnf,stdout,7993,SATISFIABLE,2.427
log,1,albatross+zalbatross,2,42462,3,5,4,100,5,0.7,6,13,7,False,8,42462-5-100-0.7-13-False.cnf,stdout,1,UNSATISFIABLE,0.026
log,1,albatross+zalbatross,2,42462,3,5,4,100,5,0.7,6,14,7,False,8,42462-5-100-0.7-14-False.cnf,stdout,1,UNSATISFIABLE,0.029
log,1,albatross+zalbatross,2,42462,3,5,4,100,5,0.7,6,15,7,False,8,42462-5-100-0.7-15-False.cnf,stdout,4800,SATISFIABLE,1.069
log,1,albatross+zalbatross,2,42462,3,5,4,100,5,0.7,6,16,7,False,8,42462-5-100-0.7-16-False.cnf,stdout,5295,SATISFIABLE,1.292
log,1,albatross+zalbatross,2,42462,3,5,4,100,5,0.7,6,17,7,False,8,42462-5-100-0.7-17-False.cnf,stdout,17233,SATISFIABLE,6.151
log,1,albatross+zalbatross,2,42462,3,5,4,100,5,0.6,6,13,7,False,8,42462-5-100-0.6-13-False.cnf,stdout,3132,UNSATISFIABLE,0.61
log,1,albatross+zalbatross,2,42462,3,5,4,100,5,0.6,6,14,7,False,8,42462-5-100-0.6-14-False.cnf,stdout,10031,SATISFIABLE,3.529
log,1,albatross+zalbatross,2,42462,3,5,4,100,5,0.6,6,15,7,False,8,42462-5-100-0.6-15-False.cnf,stdout,2825,SATISFIABLE,0.629
log,1,albatross+zalbatross,2,42462,3,5,4,100,5,0.6,6,16,7,False,8,42462-5-100-0.6-16-False.cnf,stdout,39472,SATISFIABLE,21.354
log,1,albatross+zalbatross,2,42462,3,5,4,100,5,0.6,6,17,7,False,8,42462-5-100-0.6-17-False.cnf,stdout,0,SATISFIABLE,0.009
log,1,albatross+zalbatross,2,42462,3,5,4,100,5,0.5,6,13,7,False,8,42462-5-100-0.5-13-False.cnf,stdout,1,UNSATISFIABLE,0.031
log,1,albatross+zalbatross,2,42462,3,5,4,100,5,0.5,6,14,7,False,8,42462-5-100-0.5-14-False.cnf,stdout,22086,UNSATISFIABLE,12.311
log,1,albatross+zalbatross,2,42462,3,5,4,100,5,0.5,6,15,7,False,8,42462-5-100-0.5-15-False.cnf,stdout,22197,SATISFIABLE,8.786
log,1,albatross+zalbatross,2,42462,3,5,4,100,5,0.5,6,16,7,False,8,42462-5-100-0.5-16-False.cnf,stdout,0,SATISFIABLE,0.017
log,1,albatross+zalbatross,2,42462,3,5,4,100,5,0.5,6,17,7,False,8,42462-5-100-0.5-17-False.cnf,stdout,133845,SATISFIABLE,87.787
log,1,albatross+zalbatross,2,18735,3,5,4,100,5,0.9,6,13,7,False,8,18735-5-100-0.9-13-False.cnf,stdout,1,UNSATISFIABLE,0.005
log,1,albatross+zalbatross,2,18735,3,5,4,100,5,0.9,6,14,7,False,8,18735-5-100-0.9-14-False.cnf,stdout,1,UNSATISFIABLE,0.006
log,1,albatross+zalbatross,2,18735,3,5,4,100,5,0.9,6,15,7,False,8,18735-5-100-0.9-15-False.cnf,stdout,1,UNSATISFIABLE,0.007
log,1,albatross+zalbatross,2,18735,3,5,4,100,5,0.9,6,16,7,False,8,18735-5-100-0.9-16-False.cnf,stdout,1,UNSATISFIABLE,0.009
log,1,albatross+zalbatross,2,18735,3,5,4,100,5,0.9,6,17,7,False,8,18735-5-100-0.9-17-False.cnf,stdout,5,SATISFIABLE,0.029
log,1,albatross+zalbatross,2,18735,3,5,4,100,5,0.8,6,13,7,False,8,18735-5-100-0.8-13-False.cnf,stdout,1,UNSATISFIABLE,0.005
log,1,albatross+zalbatross,2,18735,3,5,4,100,5,0.8,6,14,7,False,8,18735-5-100-0.8-14-False.cnf,stdout,1,UNSATISFIABLE,0.006
log,1,albatross+zalbatross,2,18735,3,5,4,100,5,0.8,6,15,7,False,8,18735-5-100-0.8-15-False.cnf,stdout,1,UNSATISFIABLE,0.006
log,1,albatross+zalbatross,2,18735,3,5,4,100,5,0.8,6,16,7,False,8,18735-5-100-0.8-16-False.cnf,stdout,18,UNSATISFIABLE,0.257
log,1,albatross+zalbatross,2,18735,3,5,4,100,5,0.8,6,17,7,False,8,18735-5-100-0.8-17-False.cnf,stdout,91,SATISFIABLE,0.052
log,1,albatross+zalbatross,2,18735,3,5,4,100,5,0.7,6,13,7,False,8,18735-5-100-0.7-13-False.cnf,stdout,1,UNSATISFIABLE,0.004
log,1,albatross+zalbatross,2,18735,3,5,4,100,5,0.7,6,14,7,False,8,18735-5-100-0.7-14-False.cnf,stdout,1,UNSATISFIABLE,0.029
log,1,albatross+zalbatross,2,18735,3,5,4,100,5,0.7,6,15,7,False,8,18735-5-100-0.7-15-False.cnf,stdout,271,SATISFIABLE,0.08
log,1,albatross+zalbatross,2,18735,3,5,4,100,5,0.7,6,16,7,False,8,18735-5-100-0.7-16-False.cnf,stdout,111,SATISFIABLE,0.092
log,1,albatross+zalbatross,2,18735,3,5,4,100,5,0.7,6,17,7,False,8,18735-5-100-0.7-17-False.cnf,stdout,1989,SATISFIABLE,0.549
log,1,albatross+zalbatross,2,18735,3,5,4,100,5,0.6,6,13,7,False,8,18735-5-100-0.6-13-False.cnf,stdout,1,UNSATISFIABLE,0.032
log,1,albatross+zalbatross,2,18735,3,5,4,100,5,0.6,6,14,7,False,8,18735-5-100-0.6-14-False.cnf,stdout,6680,SATISFIABLE,2.23
log,1,albatross+zalbatross,2,18735,3,5,4,100,5,0.6,6,15,7,False,8,18735-5-100-0.6-15-False.cnf,stdout,16497,SATISFIABLE,7.169
log,1,albatross+zalbatross,2,18735,3,5,4,100,5,0.6,6,16,7,False,8,18735-5-100-0.6-16-False.cnf,stdout,18831,SATISFIABLE,7.119
log,1,albatross+zalbatross,2,18735,3,5,4,100,5,0.6,6,17,7,False,8,18735-5-100-0.6-17-False.cnf,stdout,61526,SATISFIABLE,36.266
log,1,albatross+zalbatross,2,18735,3,5,4,100,5,0.5,6,13,7,False,8,18735-5-100-0.5-13-False.cnf,stdout,1,UNSATISFIABLE,0.029
log,1,albatross+zalbatross,2,18735,3,5,4,100,5,0.5,6,14,7,False,8,18735-5-100-0.5-14-False.cnf,stdout,39188,UNSATISFIABLE,19.922
log,1,albatross+zalbatross,2,18735,3,5,4,100,5,0.5,6,15,7,False,8,18735-5-100-0.5-15-False.cnf,stdout,98269,SATISFIABLE,60.558
log,1,albatross+zalbatross,2,18735,3,5,4,100,5,0.5,6,16,7,False,8,18735-5-100-0.5-16-False.cnf,stdout,111222,SATISFIABLE,70.697
log,1,albatross+zalbatross,2,18735,3,5,4,100,5,0.5,6,17,7,False,8,18735-5-100-0.5-17-False.cnf,stdout,74289,SATISFIABLE,40.396
log,1,albatross+zalbatross,2,50408,3,5,4,100,5,0.9,6,13,7,False,8,50408-5-100-0.9-13-False.cnf,stdout,1,UNSATISFIABLE,0.008
log,1,albatross+zalbatross,2,50408,3,5,4,100,5,0.9,6,14,7,False,8,50408-5-100-0.9-14-False.cnf,stdout,1,UNSATISFIABLE,0.005
log,1,albatross+zalbatross,2,50408,3,5,4,100,5,0.9,6,15,7,False,8,50408-5-100-0.9-15-False.cnf,stdout,1,UNSATISFIABLE,0.008
log,1,albatross+zalbatross,2,50408,3,5,4,100,5,0.9,6,16,7,False,8,50408-5-100-0.9-16-False.cnf,stdout,1,UNSATISFIABLE,0.006
log,1,albatross+zalbatross,2,50408,3,5,4,100,5,0.9,6,17,7,False,8,50408-5-100-0.9-17-False.cnf,stdout,1,UNSATISFIABLE,0.028
log,1,albatross+zalbatross,2,50408,3,5,4,100,5,0.8,6,13,7,False,8,50408-5-100-0.8-13-False.cnf,stdout,1,UNSATISFIABLE,0.006
log,1,albatross+zalbatross,2,50408,3,5,4,100,5,0.8,6,14,7,False,8,50408-5-100-0.8-14-False.cnf,stdout,1,UNSATISFIABLE,0.006
log,1,albatross+zalbatross,2,50408,3,5,4,100,5,0.8,6,15,7,False,8,50408-5-100-0.8-15-False.cnf,stdout,19,SATISFIABLE,0.033
log,1,albatross+zalbatross,2,50408,3,5,4,100,5,0.8,6,16,7,False,8,50408-5-100-0.8-16-False.cnf,stdout,257,SATISFIABLE,0.067
log,1,albatross+zalbatross,2,50408,3,5,4,100,5,0.8,6,17,7,False,8,50408-5-100-0.8-17-False.cnf,stdout,238,SATISFIABLE,0.069
log,1,albatross+zalbatross,2,50408,3,5,4,100,5,0.7,6,13,7,False,8,50408-5-100-0.7-13-False.cnf,stdout,1,UNSATISFIABLE,0.009
log,1,albatross+zalbatross,2,50408,3,5,4,100,5,0.7,6,14,7,False,8,50408-5-100-0.7-14-False.cnf,stdout,1,UNSATISFIABLE,0.006
log,1,albatross+zalbatross,2,50408,3,5,4,100,5,0.7,6,15,7,False,8,50408-5-100-0.7-15-False.cnf,stdout,1,UNSATISFIABLE,0.006
log,1,albatross+zalbatross,2,50408,3,5,4,100,5,0.7,6,16,7,False,8,50408-5-100-0.7-16-False.cnf,stdout,78,SATISFIABLE,0.041
log,1,albatross+zalbatross,2,50408,3,5,4,100,5,0.7,6,17,7,False,8,50408-5-100-0.7-17-False.cnf,stdout,0,SATISFIABLE,0.007
log,1,albatross+zalbatross,2,50408,3,5,4,100,5,0.6,6,13,7,False,8,50408-5-100-0.6-13-False.cnf,stdout,1,UNSATISFIABLE,0.032
log,1,albatross+zalbatross,2,50408,3,5,4,100,5,0.6,6,14,7,False,8,50408-5-100-0.6-14-False.cnf,stdout,4096,SATISFIABLE,0.936
log,1,albatross+zalbatross,2,50408,3,5,4,100,5,0.6,6,15,7,False,8,50408-5-100-0.6-15-False.cnf,stdout,936,SATISFIABLE,0.293
log,1,albatross+zalbatross,2,50408,3,5,4,100,5,0.6,6,16,7,False,8,50408-5-100-0.6-16-False.cnf,stdout,8350,SATISFIABLE,3.224
log,1,albatross+zalbatross,2,50408,3,5,4,100,5,0.6,6,17,7,False,8,50408-5-100-0.6-17-False.cnf,stdout,8262,SATISFIABLE,2.414
log,1,albatross+zalbatross,2,50408,3,5,4,100,5,0.5,6,13,7,False,8,50408-5-100-0.5-13-False.cnf,stdout,4964,SATISFIABLE,1.49
log,1,albatross+zalbatross,2,50408,3,5,4,100,5,0.5,6,14,7,False,8,50408-5-100-0.5-14-False.cnf,stdout,13772,SATISFIABLE,5.506
log,1,albatross+zalbatross,2,50408,3,5,4,100,5,0.5,6,15,7,False,8,50408-5-100-0.5-15-False.cnf,stdout,22437,SATISFIABLE,8.341
log,1,albatross+zalbatross,2,50408,3,5,4,100,5,0.5,6,16,7,False,8,50408-5-100-0.5-16-False.cnf,stdout,0,SATISFIABLE,0.009
log,1,albatross+zalbatross,2,50408,3,5,4,100,5,0.5,6,17,7,False,8,50408-5-100-0.5-17-False.cnf,stdout,112943,SATISFIABLE,71.447
log,1,albatross+zalbatross,2,43018,3,5,4,100,5,0.9,6,13,7,False,8,43018-5-100-0.9-13-False.cnf,stdout,1,UNSATISFIABLE,0.008
log,1,albatross+zalbatross,2,43018,3,5,4,100,5,0.9,6,14,7,False,8,43018-5-100-0.9-14-False.cnf,stdout,1,UNSATISFIABLE,0.008
log,1,albatross+zalbatross,2,43018,3,5,4,100,5,0.9,6,15,7,False,8,43018-5-100-0.9-15-False.cnf,stdout,1,UNSATISFIABLE,0.006
log,1,albatross+zalbatross,2,43018,3,5,4,100,5,0.9,6,16,7,False,8,43018-5-100-0.9-16-False.cnf,stdout,1,UNSATISFIABLE,0.006
log,1,albatross+zalbatross,2,43018,3,5,4,100,5,0.9,6,17,7,False,8,43018-5-100-0.9-17-False.cnf,stdout,1,UNSATISFIABLE,0.008
log,1,albatross+zalbatross,2,43018,3,5,4,100,5,0.8,6,13,7,False,8,43018-5-100-0.8-13-False.cnf,stdout,1,UNSATISFIABLE,0.005
log,1,albatross+zalbatross,2,43018,3,5,4,100,5,0.8,6,14,7,False,8,43018-5-100-0.8-14-False.cnf,stdout,1,UNSATISFIABLE,0.007
log,1,albatross+zalbatross,2,43018,3,5,4,100,5,0.8,6,15,7,False,8,43018-5-100-0.8-15-False.cnf,stdout,88,SATISFIABLE,0.042
log,1,albatross+zalbatross,2,43018,3,5,4,100,5,0.8,6,16,7,False,8,43018-5-100-0.8-16-False.cnf,stdout,1663,SATISFIABLE,0.275
log,1,albatross+zalbatross,2,43018,3,5,4,100,5,0.8,6,17,7,False,8,43018-5-100-0.8-17-False.cnf,stdout,416,SATISFIABLE,0.101
log,1,albatross+zalbatross,2,43018,3,5,4,100,5,0.7,6,13,7,False,8,43018-5-100-0.7-13-False.cnf,stdout,150,UNSATISFIABLE,0.111
log,1,albatross+zalbatross,2,43018,3,5,4,100,5,0.7,6,14,7,False,8,43018-5-100-0.7-14-False.cnf,stdout,608,SATISFIABLE,0.123
log,1,albatross+zalbatross,2,43018,3,5,4,100,5,0.7,6,15,7,False,8,43018-5-100-0.7-15-False.cnf,stdout,2783,SATISFIABLE,0.662
log,1,albatross+zalbatross,2,43018,3,5,4,100,5,0.7,6,16,7,False,8,43018-5-100-0.7-16-False.cnf,stdout,0,SATISFIABLE,0.019
log,1,albatross+zalbatross,2,43018,3,5,4,100,5,0.7,6,17,7,False,8,43018-5-100-0.7-17-False.cnf,stdout,0,SATISFIABLE,0.018
log,1,albatross+zalbatross,2,43018,3,5,4,100,5,0.6,6,13,7,False,8,43018-5-100-0.6-13-False.cnf,stdout,1,UNSATISFIABLE,0.026
log,1,albatross+zalbatross,2,43018,3,5,4,100,5,0.6,6,14,7,False,8,43018-5-100-0.6-14-False.cnf,stdout,2259,SATISFIABLE,0.605
log,1,albatross+zalbatross,2,43018,3,5,4,100,5,0.6,6,15,7,False,8,43018-5-100-0.6-15-False.cnf,stdout,7108,SATISFIABLE,2.077
log,1,albatross+zalbatross,2,43018,3,5,4,100,5,0.6,6,16,7,False,8,43018-5-100-0.6-16-False.cnf,stdout,10466,SATISFIABLE,3.511
log,1,albatross+zalbatross,2,43018,3,5,4,100,5,0.6,6,17,7,False,8,43018-5-100-0.6-17-False.cnf,stdout,0,SATISFIABLE,0.017
log,1,albatross+zalbatross,2,43018,3,5,4,100,5,0.5,6,13,7,False,8,43018-5-100-0.5-13-False.cnf,stdout,1,UNSATISFIABLE,0.027
log,1,albatross+zalbatross,2,43018,3,5,4,100,5,0.5,6,14,7,False,8,43018-5-100-0.5-14-False.cnf,stdout,1022,SATISFIABLE,0.266
log,1,albatross+zalbatross,2,43018,3,5,4,100,5,0.5,6,15,7,False,8,43018-5-100-0.5-15-False.cnf,stdout,5900,SATISFIABLE,1.9
log,1,albatross+zalbatross,2,43018,3,5,4,100,5,0.5,6,16,7,False,8,43018-5-100-0.5-16-False.cnf,stdout,12228,SATISFIABLE,4.907
log,1,albatross+zalbatross,2,43018,3,5,4,100,5,0.5,6,17,7,False,8,43018-5-100-0.5-17-False.cnf,stdout,0,SATISFIABLE,0.015
log,1,albatross+zalbatross,2,65828,3,5,4,100,5,0.9,6,13,7,False,8,65828-5-100-0.9-13-False.cnf,stdout,1,UNSATISFIABLE,0.005
log,1,albatross+zalbatross,2,65828,3,5,4,100,5,0.9,6,14,7,False,8,65828-5-100-0.9-14-False.cnf,stdout,1,UNSATISFIABLE,0.008
log,1,albatross+zalbatross,2,65828,3,5,4,100,5,0.9,6,15,7,False,8,65828-5-100-0.9-15-False.cnf,stdout,1,UNSATISFIABLE,0.028
log,1,albatross+zalbatross,2,65828,3,5,4,100,5,0.9,6,16,7,False,8,65828-5-100-0.9-16-False.cnf,stdout,25,SATISFIABLE,0.033
log,1,albatross+zalbatross,2,65828,3,5,4,100,5,0.9,6,17,7,False,8,65828-5-100-0.9-17-False.cnf,stdout,0,SATISFIABLE,0.013
log,1,albatross+zalbatross,2,65828,3,5,4,100,5,0.8,6,13,7,False,8,65828-5-100-0.8-13-False.cnf,stdout,1,UNSATISFIABLE,0.005
log,1,albatross+zalbatross,2,65828,3,5,4,100,5,0.8,6,14,7,False,8,65828-5-100-0.8-14-False.cnf,stdout,1,UNSATISFIABLE,0.006
log,1,albatross+zalbatross,2,65828,3,5,4,100,5,0.8,6,15,7,False,8,65828-5-100-0.8-15-False.cnf,stdout,1,UNSATISFIABLE,0.008
log,1,albatross+zalbatross,2,65828,3,5,4,100,5,0.8,6,16,7,False,8,65828-5-100-0.8-16-False.cnf,stdout,98,SATISFIABLE,0.045
log,1,albatross+zalbatross,2,65828,3,5,4,100,5,0.8,6,17,7,False,8,65828-5-100-0.8-17-False.cnf,stdout,0,SATISFIABLE,0.024
log,1,albatross+zalbatross,2,65828,3,5,4,100,5,0.7,6,13,7,False,8,65828-5-100-0.7-13-False.cnf,stdout,7,UNSATISFIABLE,0.083
log,1,albatross+zalbatross,2,65828,3,5,4,100,5,0.7,6,14,7,False,8,65828-5-100-0.7-14-False.cnf,stdout,1,UNSATISFIABLE,0.029
log,1,albatross+zalbatross,2,65828,3,5,4,100,5,0.7,6,15,7,False,8,65828-5-100-0.7-15-False.cnf,stdout,166,SATISFIABLE,0.053
log,1,albatross+zalbatross,2,65828,3,5,4,100,5,0.7,6,16,7,False,8,65828-5-100-0.7-16-False.cnf,stdout,2034,SATISFIABLE,0.403
log,1,albatross+zalbatross,2,65828,3,5,4,100,5,0.7,6,17,7,False,8,65828-5-100-0.7-17-False.cnf,stdout,0,SATISFIABLE,0.032
log,1,albatross+zalbatross,2,65828,3,5,4,100,5,0.6,6,13,7,False,8,65828-5-100-0.6-13-False.cnf,stdout,1,UNSATISFIABLE,0.036
log,1,albatross+zalbatross,2,65828,3,5,4,100,5,0.6,6,14,7,False,8,65828-5-100-0.6-14-False.cnf,stdout,1,UNSATISFIABLE,0.028
log,1,albatross+zalbatross,2,65828,3,5,4,100,5,0.6,6,15,7,False,8,65828-5-100-0.6-15-False.cnf,stdout,1,UNSATISFIABLE,0.031
log,1,albatross+zalbatross,2,65828,3,5,4,100,5,0.6,6,16,7,False,8,65828-5-100-0.6-16-False.cnf,stdout,5596,SATISFIABLE,2.271
log,1,albatross+zalbatross,2,65828,3,5,4,100,5,0.6,6,17,7,False,8,65828-5-100-0.6-17-False.cnf,stdout,0,SATISFIABLE,0.014
log,1,albatross+zalbatross,2,65828,3,5,4,100,5,0.5,6,13,7,False,8,65828-5-100-0.5-13-False.cnf,stdout,1,UNSATISFIABLE,0.029
log,1,albatross+zalbatross,2,65828,3,5,4,100,5,0.5,6,14,7,False,8,65828-5-100-0.5-14-False.cnf,stdout,31298,UNSATISFIABLE,16.337
log,1,albatross+zalbatross,2,65828,3,5,4,100,5,0.5,6,15,7,False,8,65828-5-100-0.5-15-False.cnf,stdout,25930,SATISFIABLE,11.253
log,1,albatross+zalbatross,2,65828,3,5,4,100,5,0.5,6,16,7,False,8,65828-5-100-0.5-16-False.cnf,stdout,12508,SATISFIABLE,4.555
log,1,albatross+zalbatross,2,65828,3,5,4,100,5,0.5,6,17,7,False,8,65828-5-100-0.5-17-False.cnf,stdout,200292,SATISFIABLE,156.435
log,1,albatross+zalbatross,2,78144,3,5,4,100,5,0.9,6,13,7,False,8,78144-5-100-0.9-13-False.cnf,stdout,1,UNSATISFIABLE,0.006
log,1,albatross+zalbatross,2,78144,3,5,4,100,5,0.9,6,14,7,False,8,78144-5-100-0.9-14-False.cnf,stdout,1,UNSATISFIABLE,0.007
log,1,albatross+zalbatross,2,78144,3,5,4,100,5,0.9,6,15,7,False,8,78144-5-100-0.9-15-False.cnf,stdout,1,UNSATISFIABLE,0.007
log,1,albatross+zalbatross,2,78144,3,5,4,100,5,0.9,6,16,7,False,8,78144-5-100-0.9-16-False.cnf,stdout,1,UNSATISFIABLE,0.072
log,1,albatross+zalbatross,2,78144,3,5,4,100,5,0.9,6,17,7,False,8,78144-5-100-0.9-17-False.cnf,stdout,1,UNSATISFIABLE,0.029
log,1,albatross+zalbatross,2,78144,3,5,4,100,5,0.8,6,13,7,False,8,78144-5-100-0.8-13-False.cnf,stdout,1,UNSATISFIABLE,0.006
log,1,albatross+zalbatross,2,78144,3,5,4,100,5,0.8,6,14,7,False,8,78144-5-100-0.8-14-False.cnf,stdout,1,UNSATISFIABLE,0.028
log,1,albatross+zalbatross,2,78144,3,5,4,100,5,0.8,6,15,7,False,8,78144-5-100-0.8-15-False.cnf,stdout,27,SATISFIABLE,0.032
log,1,albatross+zalbatross,2,78144,3,5,4,100,5,0.8,6,16,7,False,8,78144-5-100-0.8-16-False.cnf,stdout,69,SATISFIABLE,0.059
log,1,albatross+zalbatross,2,78144,3,5,4,100,5,0.8,6,17,7,False,8,78144-5-100-0.8-17-False.cnf,stdout,0,SATISFIABLE,0.026
log,1,albatross+zalbatross,2,78144,3,5,4,100,5,0.7,6,13,7,False,8,78144-5-100-0.7-13-False.cnf,stdout,1,UNSATISFIABLE,0.009
log,1,albatross+zalbatross,2,78144,3,5,4,100,5,0.7,6,14,7,False,8,78144-5-100-0.7-14-False.cnf,stdout,1,UNSATISFIABLE,0.03
log,1,albatross+zalbatross,2,78144,3,5,4,100,5,0.7,6,15,7,False,8,78144-5-100-0.7-15-False.cnf,stdout,385,SATISFIABLE,0.115
log,1,albatross+zalbatross,2,78144,3,5,4,100,5,0.7,6,16,7,False,8,78144-5-100-0.7-16-False.cnf,stdout,5885,SATISFIABLE,1.768
log,1,albatross+zalbatross,2,78144,3,5,4,100,5,0.7,6,17,7,False,8,78144-5-100-0.7-17-False.cnf,stdout,14205,SATISFIABLE,6.255
log,1,albatross+zalbatross,2,78144,3,5,4,100,5,0.6,6,13,7,False,8,78144-5-100-0.6-13-False.cnf,stdout,1371,UNSATISFIABLE,0.452
log,1,albatross+zalbatross,2,78144,3,5,4,100,5,0.6,6,14,7,False,8,78144-5-100-0.6-14-False.cnf,stdout,8399,SATISFIABLE,3.468
log,1,albatross+zalbatross,2,78144,3,5,4,100,5,0.6,6,15,7,False,8,78144-5-100-0.6-15-False.cnf,stdout,9997,SATISFIABLE,4.006
log,1,albatross+zalbatross,2,78144,3,5,4,100,5,0.6,6,16,7,False,8,78144-5-100-0.6-16-False.cnf,stdout,0,SATISFIABLE,0.04
log,1,albatross+zalbatross,2,78144,3,5,4,100,5,0.6,6,17,7,False,8,78144-5-100-0.6-17-False.cnf,stdout,0,SATISFIABLE,0.046
log,1,albatross+zalbatross,2,78144,3,5,4,100,5,0.5,6,13,7,False,8,78144-5-100-0.5-13-False.cnf,stdout,1,UNSATISFIABLE,0.032
log,1,albatross+zalbatross,2,78144,3,5,4,100,5,0.5,6,14,7,False,8,78144-5-100-0.5-14-False.cnf,stdout,1,UNSATISFIABLE,0.042
log,1,albatross+zalbatross,2,78144,3,5,4,100,5,0.5,6,15,7,False,8,78144-5-100-0.5-15-False.cnf,stdout,57606,UNSATISFIABLE,30.533
log,1,albatross+zalbatross,2,78144,3,5,4,100,5,0.5,6,16,7,False,8,78144-5-100-0.5-16-False.cnf,stdout,102444,SATISFIABLE,68.006
log,1,albatross+zalbatross,2,78144,3,5,4,100,5,0.5,6,17,7,False,8,78144-5-100-0.5-17-False.cnf,stdout,81951,SATISFIABLE,69.618
log,1,albatross+zalbatross,2,71681,3,5,4,100,5,0.9,6,13,7,False,8,71681-5-100-0.9-13-False.cnf,stdout,1,UNSATISFIABLE,0.009
log,1,albatross+zalbatross,2,71681,3,5,4,100,5,0.9,6,14,7,False,8,71681-5-100-0.9-14-False.cnf,stdout,1,UNSATISFIABLE,0.009
log,1,albatross+zalbatross,2,71681,3,5,4,100,5,0.9,6,15,7,False,8,71681-5-100-0.9-15-False.cnf,stdout,1,UNSATISFIABLE,0.008
log,1,albatross+zalbatross,2,71681,3,5,4,100,5,0.9,6,16,7,False,8,71681-5-100-0.9-16-False.cnf,stdout,81,SATISFIABLE,0.042
log,1,albatross+zalbatross,2,71681,3,5,4,100,5,0.9,6,17,7,False,8,71681-5-100-0.9-17-False.cnf,stdout,0,SATISFIABLE,0.023
log,1,albatross+zalbatross,2,71681,3,5,4,100,5,0.8,6,13,7,False,8,71681-5-100-0.8-13-False.cnf,stdout,1,UNSATISFIABLE,0.009
log,1,albatross+zalbatross,2,71681,3,5,4,100,5,0.8,6,14,7,False,8,71681-5-100-0.8-14-False.cnf,stdout,1,UNSATISFIABLE,0.009
log,1,albatross+zalbatross,2,71681,3,5,4,100,5,0.8,6,15,7,False,8,71681-5-100-0.8-15-False.cnf,stdout,1,UNSATISFIABLE,0.01
log,1,albatross+zalbatross,2,71681,3,5,4,100,5,0.8,6,16,7,False,8,71681-5-100-0.8-16-False.cnf,stdout,15,SATISFIABLE,0.036
log,1,albatross+zalbatross,2,71681,3,5,4,100,5,0.8,6,17,7,False,8,71681-5-100-0.8-17-False.cnf,stdout,205,SATISFIABLE,0.103
log,1,albatross+zalbatross,2,71681,3,5,4,100,5,0.7,6,13,7,False,8,71681-5-100-0.7-13-False.cnf,stdout,618,SATISFIABLE,0.21
log,1,albatross+zalbatross,2,71681,3,5,4,100,5,0.7,6,14,7,False,8,71681-5-100-0.7-14-False.cnf,stdout,1724,SATISFIABLE,0.641
log,1,albatross+zalbatross,2,71681,3,5,4,100,5,0.7,6,15,7,False,8,71681-5-100-0.7-15-False.cnf,stdout,0,SATISFIABLE,0.032
log,1,albatross+zalbatross,2,71681,3,5,4,100,5,0.7,6,16,7,False,8,71681-5-100-0.7-16-False.cnf,stdout,0,SATISFIABLE,0.007
log,1,albatross+zalbatross,2,71681,3,5,4,100,5,0.7,6,17,7,False,8,71681-5-100-0.7-17-False.cnf,stdout,0,SATISFIABLE,0.017
log,1,albatross+zalbatross,2,71681,3,5,4,100,5,0.6,6,13,7,False,8,71681-5-100-0.6-13-False.cnf,stdout,1189,UNSATISFIABLE,0.462
log,1,albatross+zalbatross,2,71681,3,5,4,100,5,0.6,6,14,7,False,8,71681-5-100-0.6-14-False.cnf,stdout,8568,SATISFIABLE,3.418
log,1,albatross+zalbatross,2,71681,3,5,4,100,5,0.6,6,15,7,False,8,71681-5-100-0.6-15-False.cnf,stdout,16214,SATISFIABLE,5.963
log,1,albatross+zalbatross,2,71681,3,5,4,100,5,0.6,6,16,7,False,8,71681-5-100-0.6-16-False.cnf,stdout,22772,SATISFIABLE,9.154
log,1,albatross+zalbatross,2,71681,3,5,4,100,5,0.6,6,17,7,False,8,71681-5-100-0.6-17-False.cnf,stdout,0,SATISFIABLE,0.012
log,1,albatross+zalbatross,2,71681,3,5,4,100,5,0.5,6,13,7,False,8,71681-5-100-0.5-13-False.cnf,stdout,1,UNSATISFIABLE,0.059
log,1,albatross+zalbatross,2,71681,3,5,4,100,5,0.5,6,14,7,False,8,71681-5-100-0.5-14-False.cnf,stdout,4215,SATISFIABLE,1.726
log,1,albatross+zalbatross,2,71681,3,5,4,100,5,0.5,6,15,7,False,8,71681-5-100-0.5-15-False.cnf,stdout,34456,SATISFIABLE,18.351
log,1,albatross+zalbatross,2,71681,3,5,4,100,5,0.5,6,16,7,False,8,71681-5-100-0.5-16-False.cnf,stdout,0,SATISFIABLE,0.046
log,1,albatross+zalbatross,2,71681,3,5,4,100,5,0.5,6,17,7,False,8,71681-5-100-0.5-17-False.cnf,stdout,0,SATISFIABLE,0.042
log,1,albatross+zalbatross,2,81023,3,5,4,100,5,0.9,6,13,7,False,8,81023-5-100-0.9-13-False.cnf,stdout,1,UNSATISFIABLE,0.013
log,1,albatross+zalbatross,2,81023,3,5,4,100,5,0.9,6,14,7,False,8,81023-5-100-0.9-14-False.cnf,stdout,1,UNSATISFIABLE,0.009
log,1,albatross+zalbatross,2,81023,3,5,4,100,5,0.9,6,15,7,False,8,81023-5-100-0.9-15-False.cnf,stdout,1,UNSATISFIABLE,0.014
log,1,albatross+zalbatross,2,81023,3,5,4,100,5,0.9,6,16,7,False,8,81023-5-100-0.9-16-False.cnf,stdout,1,UNSATISFIABLE,0.042
log,1,albatross+zalbatross,2,81023,3,5,4,100,5,0.9,6,17,7,False,8,81023-5-100-0.9-17-False.cnf,stdout,22,SATISFIABLE,0.052
log,1,albatross+zalbatross,2,81023,3,5,4,100,5,0.8,6,13,7,False,8,81023-5-100-0.8-13-False.cnf,stdout,1,UNSATISFIABLE,0.009
log,1,albatross+zalbatross,2,81023,3,5,4,100,5,0.8,6,14,7,False,8,81023-5-100-0.8-14-False.cnf,stdout,1,UNSATISFIABLE,0.011
log,1,albatross+zalbatross,2,81023,3,5,4,100,5,0.8,6,15,7,False,8,81023-5-100-0.8-15-False.cnf,stdout,16,SATISFIABLE,0.052
log,1,albatross+zalbatross,2,81023,3,5,4,100,5,0.8,6,16,7,False,8,81023-5-100-0.8-16-False.cnf,stdout,45,SATISFIABLE,0.063
log,1,albatross+zalbatross,2,81023,3,5,4,100,5,0.8,6,17,7,False,8,81023-5-100-0.8-17-False.cnf,stdout,0,SATISFIABLE,0.04
log,1,albatross+zalbatross,2,81023,3,5,4,100,5,0.7,6,13,7,False,8,81023-5-100-0.7-13-False.cnf,stdout,1,UNSATISFIABLE,0.027
log,1,albatross+zalbatross,2,81023,3,5,4,100,5,0.7,6,14,7,False,8,81023-5-100-0.7-14-False.cnf,stdout,572,SATISFIABLE,0.229
log,1,albatross+zalbatross,2,81023,3,5,4,100,5,0.7,6,15,7,False,8,81023-5-100-0.7-15-False.cnf,stdout,5053,SATISFIABLE,2.213
log,1,albatross+zalbatross,2,81023,3,5,4,100,5,0.7,6,16,7,False,8,81023-5-100-0.7-16-False.cnf,stdout,0,SATISFIABLE,0.04
log,1,albatross+zalbatross,2,81023,3,5,4,100,5,0.7,6,17,7,False,8,81023-5-100-0.7-17-False.cnf,stdout,14900,SATISFIABLE,7.053
log,1,albatross+zalbatross,2,81023,3,5,4,100,5,0.6,6,13,7,False,8,81023-5-100-0.6-13-False.cnf,stdout,1,UNSATISFIABLE,0.042
log,1,albatross+zalbatross,2,81023,3,5,4,100,5,0.6,6,14,7,False,8,81023-5-100-0.6-14-False.cnf,stdout,1116,UNSATISFIABLE,0.242
log,1,albatross+zalbatross,2,81023,3,5,4,100,5,0.6,6,15,7,False,8,81023-5-100-0.6-15-False.cnf,stdout,4100,SATISFIABLE,1.433
log,1,albatross+zalbatross,2,81023,3,5,4,100,5,0.6,6,16,7,False,8,81023-5-100-0.6-16-False.cnf,stdout,6450,SATISFIABLE,2.167
log,1,albatross+zalbatross,2,81023,3,5,4,100,5,0.6,6,17,7,False,8,81023-5-100-0.6-17-False.cnf,stdout,0,SATISFIABLE,0.023
log,1,albatross+zalbatross,2,81023,3,5,4,100,5,0.5,6,13,7,False,8,81023-5-100-0.5-13-False.cnf,stdout,4842,UNSATISFIABLE,1.868
log,1,albatross+zalbatross,2,81023,3,5,4,100,5,0.5,6,14,7,False,8,81023-5-100-0.5-14-False.cnf,stdout,36886,SATISFIABLE,20.627
log,1,albatross+zalbatross,2,81023,3,5,4,100,5,0.5,6,15,7,False,8,81023-5-100-0.5-15-False.cnf,stdout,27607,SATISFIABLE,11.822
log,1,albatross+zalbatross,2,81023,3,5,4,100,5,0.5,6,16,7,False,8,81023-5-100-0.5-16-False.cnf,stdout,0,SATISFIABLE,0.04
log,1,albatross+zalbatross,2,81023,3,5,4,100,5,0.5,6,17,7,False,8,81023-5-100-0.5-17-False.cnf,stdout,0,SATISFIABLE,0.013
log,1,cadical+zcadical,2,53188,3,5,4,100,5,0.9,6,13,7,True,8,53188-5-100-0.9-13-True.cnf,stdout,0,UNSATISFIABLE,10.886
log,1,cadical+zcadical,2,53188,3,5,4,100,5,0.9,6,14,7,True,8,53188-5-100-0.9-14-True.cnf,stdout,0,UNSATISFIABLE,99.364
log,1,cadical+zcadical,2,53188,3,5,4,100,5,0.9,6,15,7,True,8,53188-5-100-0.9-15-True.cnf,stdout,0,UNSATISFIABLE,297.034
log,1,cadical+zcadical,2,53188,3,5,4,100,5,0.9,6,16,7,True,8,53188-5-100-0.9-16-True.cnf,stdout,0,UNSATISFIABLE,1482.69
log,1,cadical+zcadical,2,53188,3,5,4,100,5,0.9,6,17,7,True,8,53188-5-100-0.9-17-True.cnf,stdout,0,UNSATISFIABLE,12171.031
log,1,cadical+zcadical,2,53188,3,5,4,100,5,0.8,6,13,7,True,8,53188-5-100-0.8-13-True.cnf,stdout,0,UNSATISFIABLE,6.163
log,1,cadical+zcadical,2,53188,3,5,4,100,5,0.8,6,14,7,True,8,53188-5-100-0.8-14-True.cnf,stdout,0,UNSATISFIABLE,22.842
log,1,cadical+zcadical,2,53188,3,5,4,100,5,0.8,6,15,7,True,8,53188-5-100-0.8-15-True.cnf,stdout,0,SATISFIABLE,7.983
log,1,cadical+zcadical,2,53188,3,5,4,100,5,0.8,6,16,7,True,8,53188-5-100-0.8-16-True.cnf,stdout,0,SATISFIABLE,0.753
log,1,cadical+zcadical,2,53188,3,5,4,100,5,0.8,6,17,7,True,8,53188-5-100-0.8-17-True.cnf,stdout,0,SATISFIABLE,0.157
log,1,cadical+zcadical,2,53188,3,5,4,100,5,0.7,6,13,7,True,8,53188-5-100-0.7-13-True.cnf,stdout,0,UNSATISFIABLE,9.601
log,1,cadical+zcadical,2,53188,3,5,4,100,5,0.7,6,14,7,True,8,53188-5-100-0.7-14-True.cnf,stdout,0,SATISFIABLE,14.674
log,1,cadical+zcadical,2,53188,3,5,4,100,5,0.7,6,15,7,True,8,53188-5-100-0.7-15-True.cnf,stdout,0,SATISFIABLE,1.772
log,1,cadical+zcadical,2,53188,3,5,4,100,5,0.7,6,16,7,True,8,53188-5-100-0.7-16-True.cnf,stdout,0,SATISFIABLE,0.032
log,1,cadical+zcadical,2,53188,3,5,4,100,5,0.7,6,17,7,True,8,53188-5-100-0.7-17-True.cnf,stdout,0,SATISFIABLE,0.037
log,1,cadical+zcadical,2,53188,3,5,4,100,5,0.6,6,13,7,True,8,53188-5-100-0.6-13-True.cnf,stdout,0,UNSATISFIABLE,10.108
log,1,cadical+zcadical,2,53188,3,5,4,100,5,0.6,6,14,7,True,8,53188-5-100-0.6-14-True.cnf,stdout,0,SATISFIABLE,0.768
log,1,cadical+zcadical,2,53188,3,5,4,100,5,0.6,6,15,7,True,8,53188-5-100-0.6-15-True.cnf,stdout,0,SATISFIABLE,0.247
log,1,cadical+zcadical,2,53188,3,5,4,100,5,0.6,6,16,7,True,8,53188-5-100-0.6-16-True.cnf,stdout,0,SATISFIABLE,0.039
log,1,cadical+zcadical,2,53188,3,5,4,100,5,0.6,6,17,7,True,8,53188-5-100-0.6-17-True.cnf,stdout,0,SATISFIABLE,0.132
log,1,cadical+zcadical,2,53188,3,5,4,100,5,0.5,6,13,7,True,8,53188-5-100-0.5-13-True.cnf,stdout,0,UNSATISFIABLE,12.928
log,1,cadical+zcadical,2,53188,3,5,4,100,5,0.5,6,14,7,True,8,53188-5-100-0.5-14-True.cnf,stdout,0,SATISFIABLE,1.644
log,1,cadical+zcadical,2,53188,3,5,4,100,5,0.5,6,15,7,True,8,53188-5-100-0.5-15-True.cnf,stdout,0,SATISFIABLE,0.365
log,1,cadical+zcadical,2,53188,3,5,4,100,5,0.5,6,16,7,True,8,53188-5-100-0.5-16-True.cnf,stdout,0,SATISFIABLE,0.032
log,1,cadical+zcadical,2,53188,3,5,4,100,5,0.5,6,17,7,True,8,53188-5-100-0.5-17-True.cnf,stdout,0,SATISFIABLE,0.03
log,1,cadical+zcadical,2,22710,3,5,4,100,5,0.9,6,13,7,True,8,22710-5-100-0.9-13-True.cnf,stdout,0,UNSATISFIABLE,15.575
log,1,cadical+zcadical,2,22710,3,5,4,100,5,0.9,6,14,7,True,8,22710-5-100-0.9-14-True.cnf,stdout,0,UNSATISFIABLE,106.434
log,1,cadical+zcadical,2,22710,3,5,4,100,5,0.9,6,15,7,True,8,22710-5-100-0.9-15-True.cnf,stdout,0,UNSATISFIABLE,440.671
log,1,cadical+zcadical,2,22710,3,5,4,100,5,0.9,6,16,7,True,8,22710-5-100-0.9-16-True.cnf,stdout,0,UNSATISFIABLE,2594.453
log,1,cadical+zcadical,2,22710,3,5,4,100,5,0.9,6,17,7,True,8,22710-5-100-0.9-17-True.cnf,stdout,0,SATISFIABLE,0.752
log,1,cadical+zcadical,2,22710,3,5,4,100,5,0.8,6,13,7,True,8,22710-5-100-0.8-13-True.cnf,stdout,0,UNSATISFIABLE,14.606
log,1,cadical+zcadical,2,22710,3,5,4,100,5,0.8,6,14,7,True,8,22710-5-100-0.8-14-True.cnf,stdout,0,UNSATISFIABLE,61.3
log,1,cadical+zcadical,2,22710,3,5,4,100,5,0.8,6,15,7,True,8,22710-5-100-0.8-15-True.cnf,stdout,0,SATISFIABLE,10.151
log,1,cadical+zcadical,2,22710,3,5,4,100,5,0.8,6,16,7,True,8,22710-5-100-0.8-16-True.cnf,stdout,0,SATISFIABLE,0.045
log,1,cadical+zcadical,2,22710,3,5,4,100,5,0.8,6,17,7,True,8,22710-5-100-0.8-17-True.cnf,stdout,0,SATISFIABLE,0.021
log,1,cadical+zcadical,2,22710,3,5,4,100,5,0.7,6,13,7,True,8,22710-5-100-0.7-13-True.cnf,stdout,0,UNSATISFIABLE,11.181
log,1,cadical+zcadical,2,22710,3,5,4,100,5,0.7,6,14,7,True,8,22710-5-100-0.7-14-True.cnf,stdout,0,UNSATISFIABLE,49.538
log,1,cadical+zcadical,2,22710,3,5,4,100,5,0.7,6,15,7,True,8,22710-5-100-0.7-15-True.cnf,stdout,0,SATISFIABLE,0.173
log,1,cadical+zcadical,2,22710,3,5,4,100,5,0.7,6,16,7,True,8,22710-5-100-0.7-16-True.cnf,stdout,0,SATISFIABLE,0.168
log,1,cadical+zcadical,2,22710,3,5,4,100,5,0.7,6,17,7,True,8,22710-5-100-0.7-17-True.cnf,stdout,0,SATISFIABLE,0.036
log,1,cadical+zcadical,2,22710,3,5,4,100,5,0.6,6,13,7,True,8,22710-5-100-0.6-13-True.cnf,stdout,0,UNSATISFIABLE,9.178
log,1,cadical+zcadical,2,22710,3,5,4,100,5,0.6,6,14,7,True,8,22710-5-100-0.6-14-True.cnf,stdout,0,UNSATISFIABLE,45.873
log,1,cadical+zcadical,2,22710,3,5,4,100,5,0.6,6,15,7,True,8,22710-5-100-0.6-15-True.cnf,stdout,0,UNSATISFIABLE,242.546
log,1,cadical+zcadical,2,22710,3,5,4,100,5,0.6,6,16,7,True,8,22710-5-100-0.6-16-True.cnf,stdout,0,SATISFIABLE,0.157
log,1,cadical+zcadical,2,22710,3,5,4,100,5,0.6,6,17,7,True,8,22710-5-100-0.6-17-True.cnf,stdout,0,SATISFIABLE,0.138
log,1,cadical+zcadical,2,22710,3,5,4,100,5,0.5,6,13,7,True,8,22710-5-100-0.5-13-True.cnf,stdout,0,UNSATISFIABLE,8.136
log,1,cadical+zcadical,2,22710,3,5,4,100,5,0.5,6,14,7,True,8,22710-5-100-0.5-14-True.cnf,stdout,0,UNSATISFIABLE,39.548
log,1,cadical+zcadical,2,22710,3,5,4,100,5,0.5,6,15,7,True,8,22710-5-100-0.5-15-True.cnf,stdout,0,SATISFIABLE,1.467
log,1,cadical+zcadical,2,22710,3,5,4,100,5,0.5,6,16,7,True,8,22710-5-100-0.5-16-True.cnf,stdout,0,SATISFIABLE,0.628
log,1,cadical+zcadical,2,22710,3,5,4,100,5,0.5,6,17,7,True,8,22710-5-100-0.5-17-True.cnf,stdout,0,SATISFIABLE,0.217
log,1,cadical+zcadical,2,42462,3,5,4,100,5,0.9,6,13,7,True,8,42462-5-100-0.9-13-True.cnf,stdout,0,UNSATISFIABLE,23.181
log,1,cadical+zcadical,2,42462,3,5,4,100,5,0.9,6,14,7,True,8,42462-5-100-0.9-14-True.cnf,stdout,0,UNSATISFIABLE,115.734
log,1,cadical+zcadical,2,42462,3,5,4,100,5,0.9,6,15,7,True,8,42462-5-100-0.9-15-True.cnf,stdout,0,UNSATISFIABLE,526.873
log,1,cadical+zcadical,2,42462,3,5,4,100,5,0.9,6,16,7,True,8,42462-5-100-0.9-16-True.cnf,stdout,0,UNSATISFIABLE,3507.513
log,1,cadical+zcadical,2,42462,3,5,4,100,5,0.9,6,17,7,True,8,42462-5-100-0.9-17-True.cnf,stdout,0,UNSATISFIABLE,24366.742
log,1,cadical+zcadical,2,42462,3,5,4,100,5,0.8,6,13,7,True,8,42462-5-100-0.8-13-True.cnf,stdout,0,UNSATISFIABLE,15.23
log,1,cadical+zcadical,2,42462,3,5,4,100,5,0.8,6,14,7,True,8,42462-5-100-0.8-14-True.cnf,stdout,0,UNSATISFIABLE,84.454
log,1,cadical+zcadical,2,42462,3,5,4,100,5,0.8,6,15,7,True,8,42462-5-100-0.8-15-True.cnf,stdout,0,SATISFIABLE,1.237
log,1,cadical+zcadical,2,42462,3,5,4,100,5,0.8,6,16,7,True,8,42462-5-100-0.8-16-True.cnf,stdout,0,SATISFIABLE,0.131
log,1,cadical+zcadical,2,42462,3,5,4,100,5,0.8,6,17,7,True,8,42462-5-100-0.8-17-True.cnf,stdout,0,SATISFIABLE,0.024
log,1,cadical+zcadical,2,42462,3,5,4,100,5,0.7,6,13,7,True,8,42462-5-100-0.7-13-True.cnf,stdout,0,UNSATISFIABLE,10.579
log,1,cadical+zcadical,2,42462,3,5,4,100,5,0.7,6,14,7,True,8,42462-5-100-0.7-14-True.cnf,stdout,0,UNSATISFIABLE,46.081
log,1,cadical+zcadical,2,42462,3,5,4,100,5,0.7,6,15,7,True,8,42462-5-100-0.7-15-True.cnf,stdout,0,SATISFIABLE,9.259
log,1,cadical+zcadical,2,42462,3,5,4,100,5,0.7,6,16,7,True,8,42462-5-100-0.7-16-True.cnf,stdout,0,SATISFIABLE,0.42
log,1,cadical+zcadical,2,42462,3,5,4,100,5,0.7,6,17,7,True,8,42462-5-100-0.7-17-True.cnf,stdout,0,SATISFIABLE,0.148
log,1,cadical+zcadical,2,42462,3,5,4,100,5,0.6,6,13,7,True,8,42462-5-100-0.6-13-True.cnf,stdout,0,UNSATISFIABLE,8.721
log,1,cadical+zcadical,2,42462,3,5,4,100,5,0.6,6,14,7,True,8,42462-5-100-0.6-14-True.cnf,stdout,0,SATISFIABLE,5.456
log,1,cadical+zcadical,2,42462,3,5,4,100,5,0.6,6,15,7,True,8,42462-5-100-0.6-15-True.cnf,stdout,0,SATISFIABLE,0.637
log,1,cadical+zcadical,2,42462,3,5,4,100,5,0.6,6,16,7,True,8,42462-5-100-0.6-16-True.cnf,stdout,0,SATISFIABLE,0.154
log,1,cadical+zcadical,2,42462,3,5,4,100,5,0.6,6,17,7,True,8,42462-5-100-0.6-17-True.cnf,stdout,0,SATISFIABLE,0.017
log,1,cadical+zcadical,2,42462,3,5,4,100,5,0.5,6,13,7,True,8,42462-5-100-0.5-13-True.cnf,stdout,0,UNSATISFIABLE,12.685
log,1,cadical+zcadical,2,42462,3,5,4,100,5,0.5,6,14,7,True,8,42462-5-100-0.5-14-True.cnf,stdout,0,UNSATISFIABLE,62.9
log,1,cadical+zcadical,2,42462,3,5,4,100,5,0.5,6,15,7,True,8,42462-5-100-0.5-15-True.cnf,stdout,0,SATISFIABLE,4.546
log,1,cadical+zcadical,2,42462,3,5,4,100,5,0.5,6,16,7,True,8,42462-5-100-0.5-16-True.cnf,stdout,0,SATISFIABLE,0.197
log,1,cadical+zcadical,2,42462,3,5,4,100,5,0.5,6,17,7,True,8,42462-5-100-0.5-17-True.cnf,stdout,0,SATISFIABLE,0.022
log,1,cadical+zcadical,2,18735,3,5,4,100,5,0.9,6,13,7,True,8,18735-5-100-0.9-13-True.cnf,stdout,0,UNSATISFIABLE,8.414
log,1,cadical+zcadical,2,18735,3,5,4,100,5,0.9,6,14,7,True,8,18735-5-100-0.9-14-True.cnf,stdout,0,UNSATISFIABLE,46.466
log,1,cadical+zcadical,2,18735,3,5,4,100,5,0.9,6,15,7,True,8,18735-5-100-0.9-15-True.cnf,stdout,0,UNSATISFIABLE,270.101
log,1,cadical+zcadical,2,18735,3,5,4,100,5,0.9,6,16,7,True,8,18735-5-100-0.9-16-True.cnf,stdout,0,UNSATISFIABLE,1780.508
log,1,cadical+zcadical,2,18735,3,5,4,100,5,0.9,6,17,7,True,8,18735-5-100-0.9-17-True.cnf,stdout,0,SATISFIABLE,0.763
log,1,cadical+zcadical,2,18735,3,5,4,100,5,0.8,6,13,7,True,8,18735-5-100-0.8-13-True.cnf,stdout,0,UNSATISFIABLE,7.005
log,1,cadical+zcadical,2,18735,3,5,4,100,5,0.8,6,14,7,True,8,18735-5-100-0.8-14-True.cnf,stdout,0,UNSATISFIABLE,42.053
log,1,cadical+zcadical,2,18735,3,5,4,100,5,0.8,6,15,7,True,8,18735-5-100-0.8-15-True.cnf,stdout,0,UNSATISFIABLE,189.546
log,1,cadical+zcadical,2,18735,3,5,4,100,5,0.8,6,16,7,True,8,18735-5-100-0.8-16-True.cnf,stdout,0,UNSATISFIABLE,933.938
log,1,cadical+zcadical,2,18735,3,5,4,100,5,0.8,6,17,7,True,8,18735-5-100-0.8-17-True.cnf,stdout,0,SATISFIABLE,0.019
log,1,cadical+zcadical,2,18735,3,5,4,100,5,0.7,6,13,7,True,8,18735-5-100-0.7-13-True.cnf,stdout,0,UNSATISFIABLE,3.574
log,1,cadical+zcadical,2,18735,3,5,4,100,5,0.7,6,14,7,True,8,18735-5-100-0.7-14-True.cnf,stdout,0,UNSATISFIABLE,16.108
log,1,cadical+zcadical,2,18735,3,5,4,100,5,0.7,6,15,7,True,8,18735-5-100-0.7-15-True.cnf,stdout,0,SATISFIABLE,0.527
log,1,cadical+zcadical,2,18735,3,5,4,100,5,0.7,6,16,7,True,8,18735-5-100-0.7-16-True.cnf,stdout,0,SATISFIABLE,0.641
log,1,cadical+zcadical,2,18735,3,5,4,100,5,0.7,6,17,7,True,8,18735-5-100-0.7-17-True.cnf,stdout,0,SATISFIABLE,0.052
log,1,cadical+zcadical,2,18735,3,5,4,100,5,0.6,6,13,7,True,8,18735-5-100-0.6-13-True.cnf,stdout,0,UNSATISFIABLE,6.966
log,1,cadical+zcadical,2,18735,3,5,4,100,5,0.6,6,14,7,True,8,18735-5-100-0.6-14-True.cnf,stdout,0,SATISFIABLE,1.971
log,1,cadical+zcadical,2,18735,3,5,4,100,5,0.6,6,15,7,True,8,18735-5-100-0.6-15-True.cnf,stdout,0,SATISFIABLE,1.365
log,1,cadical+zcadical,2,18735,3,5,4,100,5,0.6,6,16,7,True,8,18735-5-100-0.6-16-True.cnf,stdout,0,SATISFIABLE,0.177
log,1,cadical+zcadical,2,18735,3,5,4,100,5,0.6,6,17,7,True,8,18735-5-100-0.6-17-True.cnf,stdout,0,SATISFIABLE,0.022
log,1,cadical+zcadical,2,18735,3,5,4,100,5,0.5,6,13,7,True,8,18735-5-100-0.5-13-True.cnf,stdout,0,UNSATISFIABLE,7.391
log,1,cadical+zcadical,2,18735,3,5,4,100,5,0.5,6,14,7,True,8,18735-5-100-0.5-14-True.cnf,stdout,0,UNSATISFIABLE,36.736
log,1,cadical+zcadical,2,18735,3,5,4,100,5,0.5,6,15,7,True,8,18735-5-100-0.5-15-True.cnf,stdout,0,SATISFIABLE,0.552
log,1,cadical+zcadical,2,18735,3,5,4,100,5,0.5,6,16,7,True,8,18735-5-100-0.5-16-True.cnf,stdout,0,SATISFIABLE,0.176
log,1,cadical+zcadical,2,18735,3,5,4,100,5,0.5,6,17,7,True,8,18735-5-100-0.5-17-True.cnf,stdout,0,SATISFIABLE,0.039
log,1,cadical+zcadical,2,50408,3,5,4,100,5,0.9,6,13,7,True,8,50408-5-100-0.9-13-True.cnf,stdout,0,UNSATISFIABLE,35.664
log,1,cadical+zcadical,2,50408,3,5,4,100,5,0.9,6,14,7,True,8,50408-5-100-0.9-14-True.cnf,stdout,0,UNSATISFIABLE,98.861
log,1,cadical+zcadical,2,50408,3,5,4,100,5,0.9,6,15,7,True,8,50408-5-100-0.9-15-True.cnf,stdout,0,UNSATISFIABLE,566.727
log,1,cadical+zcadical,2,50408,3,5,4,100,5,0.9,6,16,7,True,8,50408-5-100-0.9-16-True.cnf,stdout,0,UNSATISFIABLE,4379.861
log,1,cadical+zcadical,2,50408,3,5,4,100,5,0.9,6,17,7,True,8,50408-5-100-0.9-17-True.cnf,stdout,0,UNSATISFIABLE,32087.495
log,1,cadical+zcadical,2,50408,3,5,4,100,5,0.8,6,13,7,True,8,50408-5-100-0.8-13-True.cnf,stdout,0,UNSATISFIABLE,34.257
log,1,cadical+zcadical,2,50408,3,5,4,100,5,0.8,6,14,7,True,8,50408-5-100-0.8-14-True.cnf,stdout,0,UNSATISFIABLE,139.973
log,1,cadical+zcadical,2,50408,3,5,4,100,5,0.8,6,15,7,True,8,50408-5-100-0.8-15-True.cnf,stdout,0,SATISFIABLE,0.131
log,1,cadical+zcadical,2,50408,3,5,4,100,5,0.8,6,16,7,True,8,50408-5-100-0.8-16-True.cnf,stdout,0,SATISFIABLE,0.224
log,1,cadical+zcadical,2,50408,3,5,4,100,5,0.8,6,17,7,True,8,50408-5-100-0.8-17-True.cnf,stdout,0,SATISFIABLE,0.036
log,1,cadical+zcadical,2,50408,3,5,4,100,5,0.7,6,13,7,True,8,50408-5-100-0.7-13-True.cnf,stdout,0,UNSATISFIABLE,12.301
log,1,cadical+zcadical,2,50408,3,5,4,100,5,0.7,6,14,7,True,8,50408-5-100-0.7-14-True.cnf,stdout,0,UNSATISFIABLE,68.154
log,1,cadical+zcadical,2,50408,3,5,4,100,5,0.7,6,15,7,True,8,50408-5-100-0.7-15-True.cnf,stdout,0,UNSATISFIABLE,275.085
log,1,cadical+zcadical,2,50408,3,5,4,100,5,0.7,6,16,7,True,8,50408-5-100-0.7-16-True.cnf,stdout,0,SATISFIABLE,0.751
log,1,cadical+zcadical,2,50408,3,5,4,100,5,0.7,6,17,7,True,8,50408-5-100-0.7-17-True.cnf,stdout,0,SATISFIABLE,0.014
log,1,cadical+zcadical,2,50408,3,5,4,100,5,0.6,6,13,7,True,8,50408-5-100-0.6-13-True.cnf,stdout,0,UNSATISFIABLE,32.406
log,1,cadical+zcadical,2,50408,3,5,4,100,5,0.6,6,14,7,True,8,50408-5-100-0.6-14-True.cnf,stdout,0,SATISFIABLE,11.868
log,1,cadical+zcadical,2,50408,3,5,4,100,5,0.6,6,15,7,True,8,50408-5-100-0.6-15-True.cnf,stdout,0,SATISFIABLE,0.255
log,1,cadical+zcadical,2,50408,3,5,4,100,5,0.6,6,16,7,True,8,50408-5-100-0.6-16-True.cnf,stdout,0,SATISFIABLE,0.166
log,1,cadical+zcadical,2,50408,3,5,4,100,5,0.6,6,17,7,True,8,50408-5-100-0.6-17-True.cnf,stdout,0,SATISFIABLE,0.021
log,1,cadical+zcadical,2,50408,3,5,4,100,5,0.5,6,13,7,True,8,50408-5-100-0.5-13-True.cnf,stdout,0,SATISFIABLE,1.592
log,1,cadical+zcadical,2,50408,3,5,4,100,5,0.5,6,14,7,True,8,50408-5-100-0.5-14-True.cnf,stdout,0,SATISFIABLE,0.279
log,1,cadical+zcadical,2,50408,3,5,4,100,5,0.5,6,15,7,True,8,50408-5-100-0.5-15-True.cnf,stdout,0,SATISFIABLE,0.085
log,1,cadical+zcadical,2,50408,3,5,4,100,5,0.5,6,16,7,True,8,50408-5-100-0.5-16-True.cnf,stdout,0,SATISFIABLE,0.157
log,1,cadical+zcadical,2,50408,3,5,4,100,5,0.5,6,17,7,True,8,50408-5-100-0.5-17-True.cnf,stdout,0,SATISFIABLE,0.042
log,1,cadical+zcadical,2,43018,3,5,4,100,5,0.9,6,13,7,True,8,43018-5-100-0.9-13-True.cnf,stdout,0,UNSATISFIABLE,8.267
log,1,cadical+zcadical,2,43018,3,5,4,100,5,0.9,6,14,7,True,8,43018-5-100-0.9-14-True.cnf,stdout,0,UNSATISFIABLE,50.496
log,1,cadical+zcadical,2,43018,3,5,4,100,5,0.9,6,15,7,True,8,43018-5-100-0.9-15-True.cnf,stdout,0,UNSATISFIABLE,152.944
log,1,cadical+zcadical,2,43018,3,5,4,100,5,0.9,6,16,7,True,8,43018-5-100-0.9-16-True.cnf,stdout,0,UNSATISFIABLE,584.842
log,1,cadical+zcadical,2,43018,3,5,4,100,5,0.9,6,17,7,True,8,43018-5-100-0.9-17-True.cnf,stdout,0,UNSATISFIABLE,3220.705
log,1,cadical+zcadical,2,43018,3,5,4,100,5,0.8,6,13,7,True,8,43018-5-100-0.8-13-True.cnf,stdout,0,UNSATISFIABLE,18.553
log,1,cadical+zcadical,2,43018,3,5,4,100,5,0.8,6,14,7,True,8,43018-5-100-0.8-14-True.cnf,stdout,0,UNSATISFIABLE,110.325
log,1,cadical+zcadical,2,43018,3,5,4,100,5,0.8,6,15,7,True,8,43018-5-100-0.8-15-True.cnf,stdout,0,SATISFIABLE,6.398
log,1,cadical+zcadical,2,43018,3,5,4,100,5,0.8,6,16,7,True,8,43018-5-100-0.8-16-True.cnf,stdout,0,SATISFIABLE,1.644
log,1,cadical+zcadical,2,43018,3,5,4,100,5,0.8,6,17,7,True,8,43018-5-100-0.8-17-True.cnf,stdout,0,SATISFIABLE,0.233
log,1,cadical+zcadical,2,43018,3,5,4,100,5,0.7,6,13,7,True,8,43018-5-100-0.7-13-True.cnf,stdout,0,UNSATISFIABLE,21.051
log,1,cadical+zcadical,2,43018,3,5,4,100,5,0.7,6,14,7,True,8,43018-5-100-0.7-14-True.cnf,stdout,0,SATISFIABLE,0.39
log,1,cadical+zcadical,2,43018,3,5,4,100,5,0.7,6,15,7,True,8,43018-5-100-0.7-15-True.cnf,stdout,0,SATISFIABLE,0.229
log,1,cadical+zcadical,2,43018,3,5,4,100,5,0.7,6,16,7,True,8,43018-5-100-0.7-16-True.cnf,stdout,0,SATISFIABLE,0.016
log,1,cadical+zcadical,2,43018,3,5,4,100,5,0.7,6,17,7,True,8,43018-5-100-0.7-17-True.cnf,stdout,0,SATISFIABLE,0.032
log,1,cadical+zcadical,2,43018,3,5,4,100,5,0.6,6,13,7,True,8,43018-5-100-0.6-13-True.cnf,stdout,0,UNSATISFIABLE,10.42
log,1,cadical+zcadical,2,43018,3,5,4,100,5,0.6,6,14,7,True,8,43018-5-100-0.6-14-True.cnf,stdout,0,SATISFIABLE,9.569
log,1,cadical+zcadical,2,43018,3,5,4,100,5,0.6,6,15,7,True,8,43018-5-100-0.6-15-True.cnf,stdout,0,SATISFIABLE,0.71
log,1,cadical+zcadical,2,43018,3,5,4,100,5,0.6,6,16,7,True,8,43018-5-100-0.6-16-True.cnf,stdout,0,SATISFIABLE,0.046
log,1,cadical+zcadical,2,43018,3,5,4,100,5,0.6,6,17,7,True,8,43018-5-100-0.6-17-True.cnf,stdout,0,SATISFIABLE,0.14
log,1,cadical+zcadical,2,43018,3,5,4,100,5,0.5,6,13,7,True,8,43018-5-100-0.5-13-True.cnf,stdout,0,UNSATISFIABLE,1.603
log,1,cadical+zcadical,2,43018,3,5,4,100,5,0.5,6,14,7,True,8,43018-5-100-0.5-14-True.cnf,stdout,0,SATISFIABLE,6.603
log,1,cadical+zcadical,2,43018,3,5,4,100,5,0.5,6,15,7,True,8,43018-5-100-0.5-15-True.cnf,stdout,0,SATISFIABLE,1.259
log,1,cadical+zcadical,2,43018,3,5,4,100,5,0.5,6,16,7,True,8,43018-5-100-0.5-16-True.cnf,stdout,0,SATISFIABLE,0.467
log,1,cadical+zcadical,2,43018,3,5,4,100,5,0.5,6,17,7,True,8,43018-5-100-0.5-17-True.cnf,stdout,0,SATISFIABLE,0.111
log,1,cadical+zcadical,2,65828,3,5,4,100,5,0.9,6,13,7,True,8,65828-5-100-0.9-13-True.cnf,stdout,0,UNSATISFIABLE,8.502
log,1,cadical+zcadical,2,65828,3,5,4,100,5,0.9,6,14,7,True,8,65828-5-100-0.9-14-True.cnf,stdout,0,UNSATISFIABLE,38.046
log,1,cadical+zcadical,2,65828,3,5,4,100,5,0.9,6,15,7,True,8,65828-5-100-0.9-15-True.cnf,stdout,0,UNSATISFIABLE,216.664
log,1,cadical+zcadical,2,65828,3,5,4,100,5,0.9,6,16,7,True,8,65828-5-100-0.9-16-True.cnf,stdout,0,SATISFIABLE,0.591
log,1,cadical+zcadical,2,65828,3,5,4,100,5,0.9,6,17,7,True,8,65828-5-100-0.9-17-True.cnf,stdout,0,SATISFIABLE,0.157
log,1,cadical+zcadical,2,65828,3,5,4,100,5,0.8,6,13,7,True,8,65828-5-100-0.8-13-True.cnf,stdout,0,UNSATISFIABLE,7.541
log,1,cadical+zcadical,2,65828,3,5,4,100,5,0.8,6,14,7,True,8,65828-5-100-0.8-14-True.cnf,stdout,0,UNSATISFIABLE,40.824
log,1,cadical+zcadical,2,65828,3,5,4,100,5,0.8,6,15,7,True,8,65828-5-100-0.8-15-True.cnf,stdout,0,UNSATISFIABLE,194.987
log,1,cadical+zcadical,2,65828,3,5,4,100,5,0.8,6,16,7,True,8,65828-5-100-0.8-16-True.cnf,stdout,0,SATISFIABLE,0.256
log,1,cadical+zcadical,2,65828,3,5,4,100,5,0.8,6,17,7,True,8,65828-5-100-0.8-17-True.cnf,stdout,0,SATISFIABLE,0.018
log,1,cadical+zcadical,2,65828,3,5,4,100,5,0.7,6,13,7,True,8,65828-5-100-0.7-13-True.cnf,stdout,0,UNSATISFIABLE,8.193
log,1,cadical+zcadical,2,65828,3,5,4,100,5,0.7,6,14,7,True,8,65828-5-100-0.7-14-True.cnf,stdout,0,UNSATISFIABLE,44.236
log,1,cadical+zcadical,2,65828,3,5,4,100,5,0.7,6,15,7,True,8,65828-5-100-0.7-15-True.cnf,stdout,0,SATISFIABLE,0.585
log,1,cadical+zcadical,2,65828,3,5,4,100,5,0.7,6,16,7,True,8,65828-5-100-0.7-16-True.cnf,stdout,0,SATISFIABLE,0.029
log,1,cadical+zcadical,2,65828,3,5,4,100,5,0.7,6,17,7,True,8,65828-5-100-0.7-17-True.cnf,stdout,0,SATISFIABLE,0.039
log,1,cadical+zcadical,2,65828,3,5,4,100,5,0.6,6,13,7,True,8,65828-5-100-0.6-13-True.cnf,stdout,0,UNSATISFIABLE,16.246
log,1,cadical+zcadical,2,65828,3,5,4,100,5,0.6,6,14,7,True,8,65828-5-100-0.6-14-True.cnf,stdout,0,UNSATISFIABLE,80.178
log,1,cadical+zcadical,2,65828,3,5,4,100,5,0.6,6,15,7,True,8,65828-5-100-0.6-15-True.cnf,stdout,0,UNSATISFIABLE,316.5
log,1,cadical+zcadical,2,65828,3,5,4,100,5,0.6,6,16,7,True,8,65828-5-100-0.6-16-True.cnf,stdout,0,SATISFIABLE,0.798
log,1,cadical+zcadical,2,65828,3,5,4,100,5,0.6,6,17,7,True,8,65828-5-100-0.6-17-True.cnf,stdout,0,SATISFIABLE,0.121
log,1,cadical+zcadical,2,65828,3,5,4,100,5,0.5,6,13,7,True,8,65828-5-100-0.5-13-True.cnf,stdout,0,UNSATISFIABLE,2.599
log,1,cadical+zcadical,2,65828,3,5,4,100,5,0.5,6,14,7,True,8,65828-5-100-0.5-14-True.cnf,stdout,0,UNSATISFIABLE,9.654
log,1,cadical+zcadical,2,65828,3,5,4,100,5,0.5,6,15,7,True,8,65828-5-100-0.5-15-True.cnf,stdout,0,SATISFIABLE,1.394
log,1,cadical+zcadical,2,65828,3,5,4,100,5,0.5,6,16,7,True,8,65828-5-100-0.5-16-True.cnf,stdout,0,SATISFIABLE,0.684
log,1,cadical+zcadical,2,65828,3,5,4,100,5,0.5,6,17,7,True,8,65828-5-100-0.5-17-True.cnf,stdout,0,SATISFIABLE,0.163
log,1,cadical+zcadical,2,78144,3,5,4,100,5,0.9,6,13,7,True,8,78144-5-100-0.9-13-True.cnf,stdout,0,UNSATISFIABLE,8.074
log,1,cadical+zcadical,2,78144,3,5,4,100,5,0.9,6,14,7,True,8,78144-5-100-0.9-14-True.cnf,stdout,0,UNSATISFIABLE,69.395
log,1,cadical+zcadical,2,78144,3,5,4,100,5,0.9,6,15,7,True,8,78144-5-100-0.9-15-True.cnf,stdout,0,UNSATISFIABLE,229.316
log,1,cadical+zcadical,2,78144,3,5,4,100,5,0.9,6,16,7,True,8,78144-5-100-0.9-16-True.cnf,stdout,0,UNSATISFIABLE,986.059
log,1,cadical+zcadical,2,78144,3,5,4,100,5,0.9,6,17,7,True,8,78144-5-100-0.9-17-True.cnf,stdout,0,UNSATISFIABLE,5325.476
log,1,cadical+zcadical,2,78144,3,5,4,100,5,0.8,6,13,7,True,8,78144-5-100-0.8-13-True.cnf,stdout,0,UNSATISFIABLE,7.914
log,1,cadical+zcadical,2,78144,3,5,4,100,5,0.8,6,14,7,True,8,78144-5-100-0.8-14-True.cnf,stdout,0,UNSATISFIABLE,48.174
log,1,cadical+zcadical,2,78144,3,5,4,100,5,0.8,6,15,7,True,8,78144-5-100-0.8-15-True.cnf,stdout,0,SATISFIABLE,0.031
log,1,cadical+zcadical,2,78144,3,5,4,100,5,0.8,6,16,7,True,8,78144-5-100-0.8-16-True.cnf,stdout,0,SATISFIABLE,0.158
log,1,cadical+zcadical,2,78144,3,5,4,100,5,0.8,6,17,7,True,8,78144-5-100-0.8-17-True.cnf,stdout,0,SATISFIABLE,0.024
log,1,cadical+zcadical,2,78144,3,5,4,100,5,0.7,6,13,7,True,8,78144-5-100-0.7-13-True.cnf,stdout,0,UNSATISFIABLE,23.23
log,1,cadical+zcadical,2,78144,3,5,4,100,5,0.7,6,14,7,True,8,78144-5-100-0.7-14-True.cnf,stdout,0,UNSATISFIABLE,129.518
log,1,cadical+zcadical,2,78144,3,5,4,100,5,0.7,6,15,7,True,8,78144-5-100-0.7-15-True.cnf,stdout,0,SATISFIABLE,17.12
log,1,cadical+zcadical,2,78144,3,5,4,100,5,0.7,6,16,7,True,8,78144-5-100-0.7-16-True.cnf,stdout,0,SATISFIABLE,0.117
log,1,cadical+zcadical,2,78144,3,5,4,100,5,0.7,6,17,7,True,8,78144-5-100-0.7-17-True.cnf,stdout,0,SATISFIABLE,0.19
log,1,cadical+zcadical,2,78144,3,5,4,100,5,0.6,6,13,7,True,8,78144-5-100-0.6-13-True.cnf,stdout,0,UNSATISFIABLE,6.913
log,1,cadical+zcadical,2,78144,3,5,4,100,5,0.6,6,14,7,True,8,78144-5-100-0.6-14-True.cnf,stdout,0,SATISFIABLE,7.463
log,1,cadical+zcadical,2,78144,3,5,4,100,5,0.6,6,15,7,True,8,78144-5-100-0.6-15-True.cnf,stdout,0,SATISFIABLE,0.343
log,1,cadical+zcadical,2,78144,3,5,4,100,5,0.6,6,16,7,True,8,78144-5-100-0.6-16-True.cnf,stdout,0,SATISFIABLE,0.035
log,1,cadical+zcadical,2,78144,3,5,4,100,5,0.6,6,17,7,True,8,78144-5-100-0.6-17-True.cnf,stdout,0,SATISFIABLE,0.023
log,1,cadical+zcadical,2,78144,3,5,4,100,5,0.5,6,13,7,True,8,78144-5-100-0.5-13-True.cnf,stdout,0,UNSATISFIABLE,11.434
log,1,cadical+zcadical,2,78144,3,5,4,100,5,0.5,6,14,7,True,8,78144-5-100-0.5-14-True.cnf,stdout,0,UNSATISFIABLE,53.184
log,1,cadical+zcadical,2,78144,3,5,4,100,5,0.5,6,15,7,True,8,78144-5-100-0.5-15-True.cnf,stdout,0,UNSATISFIABLE,267.527
log,1,cadical+zcadical,2,78144,3,5,4,100,5,0.5,6,16,7,True,8,78144-5-100-0.5-16-True.cnf,stdout,0,SATISFIABLE,1.674
log,1,cadical+zcadical,2,78144,3,5,4,100,5,0.5,6,17,7,True,8,78144-5-100-0.5-17-True.cnf,stdout,0,SATISFIABLE,0.289
log,1,cadical+zcadical,2,71681,3,5,4,100,5,0.9,6,13,7,True,8,71681-5-100-0.9-13-True.cnf,stdout,0,UNSATISFIABLE,29.209
log,1,cadical+zcadical,2,71681,3,5,4,100,5,0.9,6,14,7,True,8,71681-5-100-0.9-14-True.cnf,stdout,0,UNSATISFIABLE,171.91
log,1,cadical+zcadical,2,71681,3,5,4,100,5,0.9,6,15,7,True,8,71681-5-100-0.9-15-True.cnf,stdout,0,UNSATISFIABLE,900.374
log,1,cadical+zcadical,2,71681,3,5,4,100,5,0.9,6,16,7,True,8,71681-5-100-0.9-16-True.cnf,stdout,0,SATISFIABLE,0.172
log,1,cadical+zcadical,2,71681,3,5,4,100,5,0.9,6,17,7,True,8,71681-5-100-0.9-17-True.cnf,stdout,0,SATISFIABLE,0.023
log,1,cadical+zcadical,2,71681,3,5,4,100,5,0.8,6,13,7,True,8,71681-5-100-0.8-13-True.cnf,stdout,0,UNSATISFIABLE,1.779
log,1,cadical+zcadical,2,71681,3,5,4,100,5,0.8,6,14,7,True,8,71681-5-100-0.8-14-True.cnf,stdout,0,UNSATISFIABLE,6.223
log,1,cadical+zcadical,2,71681,3,5,4,100,5,0.8,6,15,7,True,8,71681-5-100-0.8-15-True.cnf,stdout,0,UNSATISFIABLE,47.771
log,1,cadical+zcadical,2,71681,3,5,4,100,5,0.8,6,16,7,True,8,71681-5-100-0.8-16-True.cnf,stdout,0,SATISFIABLE,0.151
log,1,cadical+zcadical,2,71681,3,5,4,100,5,0.8,6,17,7,True,8,71681-5-100-0.8-17-True.cnf,stdout,0,SATISFIABLE,0.029
log,1,cadical+zcadical,2,71681,3,5,4,100,5,0.7,6,13,7,True,8,71681-5-100-0.7-13-True.cnf,stdout,0,SATISFIABLE,2.167
log,1,cadical+zcadical,2,71681,3,5,4,100,5,0.7,6,14,7,True,8,71681-5-100-0.7-14-True.cnf,stdout,0,SATISFIABLE,0.055
log,1,cadical+zcadical,2,71681,3,5,4,100,5,0.7,6,15,7,True,8,71681-5-100-0.7-15-True.cnf,stdout,0,SATISFIABLE,0.032
log,1,cadical+zcadical,2,71681,3,5,4,100,5,0.7,6,16,7,True,8,71681-5-100-0.7-16-True.cnf,stdout,0,SATISFIABLE,0.04
log,1,cadical+zcadical,2,71681,3,5,4,100,5,0.7,6,17,7,True,8,71681-5-100-0.7-17-True.cnf,stdout,0,SATISFIABLE,0.028
log,1,cadical+zcadical,2,71681,3,5,4,100,5,0.6,6,13,7,True,8,71681-5-100-0.6-13-True.cnf,stdout,0,UNSATISFIABLE,3.345
log,1,cadical+zcadical,2,71681,3,5,4,100,5,0.6,6,14,7,True,8,71681-5-100-0.6-14-True.cnf,stdout,0,SATISFIABLE,3.55
log,1,cadical+zcadical,2,71681,3,5,4,100,5,0.6,6,15,7,True,8,71681-5-100-0.6-15-True.cnf,stdout,0,SATISFIABLE,0.839
log,1,cadical+zcadical,2,71681,3,5,4,100,5,0.6,6,16,7,True,8,71681-5-100-0.6-16-True.cnf,stdout,0,SATISFIABLE,0.417
log,1,cadical+zcadical,2,71681,3,5,4,100,5,0.6,6,17,7,True,8,71681-5-100-0.6-17-True.cnf,stdout,0,SATISFIABLE,0.118
log,1,cadical+zcadical,2,71681,3,5,4,100,5,0.5,6,13,7,True,8,71681-5-100-0.5-13-True.cnf,stdout,0,UNSATISFIABLE,5.383
log,1,cadical+zcadical,2,71681,3,5,4,100,5,0.5,6,14,7,True,8,71681-5-100-0.5-14-True.cnf,stdout,0,SATISFIABLE,1.028
log,1,cadical+zcadical,2,71681,3,5,4,100,5,0.5,6,15,7,True,8,71681-5-100-0.5-15-True.cnf,stdout,0,SATISFIABLE,0.401
log,1,cadical+zcadical,2,71681,3,5,4,100,5,0.5,6,16,7,True,8,71681-5-100-0.5-16-True.cnf,stdout,0,SATISFIABLE,0.069
log,1,cadical+zcadical,2,71681,3,5,4,100,5,0.5,6,17,7,True,8,71681-5-100-0.5-17-True.cnf,stdout,0,SATISFIABLE,0.152
log,1,cadical+zcadical,2,81023,3,5,4,100,5,0.9,6,13,7,True,8,81023-5-100-0.9-13-True.cnf,stdout,0,UNSATISFIABLE,7.882
log,1,cadical+zcadical,2,81023,3,5,4,100,5,0.9,6,14,7,True,8,81023-5-100-0.9-14-True.cnf,stdout,0,UNSATISFIABLE,52.697
log,1,cadical+zcadical,2,81023,3,5,4,100,5,0.9,6,15,7,True,8,81023-5-100-0.9-15-True.cnf,stdout,0,UNSATISFIABLE,172.285
log,1,cadical+zcadical,2,81023,3,5,4,100,5,0.9,6,16,7,True,8,81023-5-100-0.9-16-True.cnf,stdout,0,UNSATISFIABLE,921.879
log,1,cadical+zcadical,2,81023,3,5,4,100,5,0.9,6,17,7,True,8,81023-5-100-0.9-17-True.cnf,stdout,0,SATISFIABLE,0.068
log,1,cadical+zcadical,2,81023,3,5,4,100,5,0.8,6,13,7,True,8,81023-5-100-0.8-13-True.cnf,stdout,0,UNSATISFIABLE,32.359
log,1,cadical+zcadical,2,81023,3,5,4,100,5,0.8,6,14,7,True,8,81023-5-100-0.8-14-True.cnf,stdout,0,UNSATISFIABLE,148.102
log,1,cadical+zcadical,2,81023,3,5,4,100,5,0.8,6,15,7,True,8,81023-5-100-0.8-15-True.cnf,stdout,0,SATISFIABLE,1.381
log,1,cadical+zcadical,2,81023,3,5,4,100,5,0.8,6,16,7,True,8,81023-5-100-0.8-16-True.cnf,stdout,0,SATISFIABLE,0.272
log,1,cadical+zcadical,2,81023,3,5,4,100,5,0.8,6,17,7,True,8,81023-5-100-0.8-17-True.cnf,stdout,0,SATISFIABLE,0.032
log,1,cadical+zcadical,2,81023,3,5,4,100,5,0.7,6,13,7,True,8,81023-5-100-0.7-13-True.cnf,stdout,0,UNSATISFIABLE,11.306
log,1,cadical+zcadical,2,81023,3,5,4,100,5,0.7,6,14,7,True,8,81023-5-100-0.7-14-True.cnf,stdout,0,SATISFIABLE,3.93
log,1,cadical+zcadical,2,81023,3,5,4,100,5,0.7,6,15,7,True,8,81023-5-100-0.7-15-True.cnf,stdout,0,SATISFIABLE,0.519
log,1,cadical+zcadical,2,81023,3,5,4,100,5,0.7,6,16,7,True,8,81023-5-100-0.7-16-True.cnf,stdout,0,SATISFIABLE,0.054
log,1,cadical+zcadical,2,81023,3,5,4,100,5,0.7,6,17,7,True,8,81023-5-100-0.7-17-True.cnf,stdout,0,SATISFIABLE,0.072
log,1,cadical+zcadical,2,81023,3,5,4,100,5,0.6,6,13,7,True,8,81023-5-100-0.6-13-True.cnf,stdout,0,UNSATISFIABLE,18.705
log,1,cadical+zcadical,2,81023,3,5,4,100,5,0.6,6,14,7,True,8,81023-5-100-0.6-14-True.cnf,stdout,0,UNSATISFIABLE,84.653
log,1,cadical+zcadical,2,81023,3,5,4,100,5,0.6,6,15,7,True,8,81023-5-100-0.6-15-True.cnf,stdout,0,SATISFIABLE,1.036
log,1,cadical+zcadical,2,81023,3,5,4,100,5,0.6,6,16,7,True,8,81023-5-100-0.6-16-True.cnf,stdout,0,SATISFIABLE,0.02
log,1,cadical+zcadical,2,81023,3,5,4,100,5,0.6,6,17,7,True,8,81023-5-100-0.6-17-True.cnf,stdout,0,SATISFIABLE,0.026
log,1,cadical+zcadical,2,81023,3,5,4,100,5,0.5,6,13,7,True,8,81023-5-100-0.5-13-True.cnf,stdout,0,UNSATISFIABLE,8.663
log,1,cadical+zcadical,2,81023,3,5,4,100,5,0.5,6,14,7,True,8,81023-5-100-0.5-14-True.cnf,stdout,0,SATISFIABLE,2.519
log,1,cadical+zcadical,2,81023,3,5,4,100,5,0.5,6,15,7,True,8,81023-5-100-0.5-15-True.cnf,stdout,0,SATISFIABLE,0.16
log,1,cadical+zcadical,2,81023,3,5,4,100,5,0.5,6,16,7,True,8,81023-5-100-0.5-16-True.cnf,stdout,0,SATISFIABLE,0.021
log,1,cadical+zcadical,2,81023,3,5,4,100,5,0.5,6,17,7,True,8,81023-5-100-0.5-17-True.cnf,stdout,0,SATISFIABLE,0.088
log,1,kissat-sc2024+zbin+zkissat,2,53188,3,5,4,100,5,0.9,6,13,7,True,8,53188-5-100-0.9-13-True.cnf,stdout,0,UNSATISFIABLE,10.832
log,1,kissat-sc2024+zbin+zkissat,2,53188,3,5,4,100,5,0.9,6,14,7,True,8,53188-5-100-0.9-14-True.cnf,stdout,0,UNSATISFIABLE,38.641
log,1,kissat-sc2024+zbin+zkissat,2,53188,3,5,4,100,5,0.9,6,15,7,True,8,53188-5-100-0.9-15-True.cnf,stdout,0,UNSATISFIABLE,168.93
log,1,kissat-sc2024+zbin+zkissat,2,53188,3,5,4,100,5,0.9,6,16,7,True,8,53188-5-100-0.9-16-True.cnf,stdout,0,UNSATISFIABLE,946.788
log,1,kissat-sc2024+zbin+zkissat,2,53188,3,5,4,100,5,0.9,6,17,7,True,8,53188-5-100-0.9-17-True.cnf,stdout,0,UNSATISFIABLE,6762.648
log,1,kissat-sc2024+zbin+zkissat,2,53188,3,5,4,100,5,0.8,6,13,7,True,8,53188-5-100-0.8-13-True.cnf,stdout,0,UNSATISFIABLE,5.598
log,1,kissat-sc2024+zbin+zkissat,2,53188,3,5,4,100,5,0.8,6,14,7,True,8,53188-5-100-0.8-14-True.cnf,stdout,0,UNSATISFIABLE,21.594
log,1,kissat-sc2024+zbin+zkissat,2,53188,3,5,4,100,5,0.8,6,15,7,True,8,53188-5-100-0.8-15-True.cnf,stdout,0,SATISFIABLE,0.281
log,1,kissat-sc2024+zbin+zkissat,2,53188,3,5,4,100,5,0.8,6,16,7,True,8,53188-5-100-0.8-16-True.cnf,stdout,0,SATISFIABLE,1.213
log,1,kissat-sc2024+zbin+zkissat,2,53188,3,5,4,100,5,0.8,6,17,7,True,8,53188-5-100-0.8-17-True.cnf,stdout,0,SATISFIABLE,0.16
log,1,kissat-sc2024+zbin+zkissat,2,53188,3,5,4,100,5,0.7,6,13,7,True,8,53188-5-100-0.7-13-True.cnf,stdout,0,UNSATISFIABLE,7.595
log,1,kissat-sc2024+zbin+zkissat,2,53188,3,5,4,100,5,0.7,6,14,7,True,8,53188-5-100-0.7-14-True.cnf,stdout,0,SATISFIABLE,0.886
log,1,kissat-sc2024+zbin+zkissat,2,53188,3,5,4,100,5,0.7,6,15,7,True,8,53188-5-100-0.7-15-True.cnf,stdout,0,SATISFIABLE,0.161
log,1,kissat-sc2024+zbin+zkissat,2,53188,3,5,4,100,5,0.7,6,16,7,True,8,53188-5-100-0.7-16-True.cnf,stdout,0,SATISFIABLE,0.161
log,1,kissat-sc2024+zbin+zkissat,2,53188,3,5,4,100,5,0.7,6,17,7,True,8,53188-5-100-0.7-17-True.cnf,stdout,0,SATISFIABLE,0.098
log,1,kissat-sc2024+zbin+zkissat,2,53188,3,5,4,100,5,0.6,6,13,7,True,8,53188-5-100-0.6-13-True.cnf,stdout,0,UNSATISFIABLE,14.864
log,1,kissat-sc2024+zbin+zkissat,2,53188,3,5,4,100,5,0.6,6,14,7,True,8,53188-5-100-0.6-14-True.cnf,stdout,0,SATISFIABLE,0.643
log,1,kissat-sc2024+zbin+zkissat,2,53188,3,5,4,100,5,0.6,6,15,7,True,8,53188-5-100-0.6-15-True.cnf,stdout,0,SATISFIABLE,0.16
log,1,kissat-sc2024+zbin+zkissat,2,53188,3,5,4,100,5,0.6,6,16,7,True,8,53188-5-100-0.6-16-True.cnf,stdout,0,SATISFIABLE,0.128
log,1,kissat-sc2024+zbin+zkissat,2,53188,3,5,4,100,5,0.6,6,17,7,True,8,53188-5-100-0.6-17-True.cnf,stdout,0,SATISFIABLE,0.085
log,1,kissat-sc2024+zbin+zkissat,2,53188,3,5,4,100,5,0.5,6,13,7,True,8,53188-5-100-0.5-13-True.cnf,stdout,0,UNSATISFIABLE,11.253
log,1,kissat-sc2024+zbin+zkissat,2,53188,3,5,4,100,5,0.5,6,14,7,True,8,53188-5-100-0.5-14-True.cnf,stdout,0,SATISFIABLE,0.238
log,1,kissat-sc2024+zbin+zkissat,2,53188,3,5,4,100,5,0.5,6,15,7,True,8,53188-5-100-0.5-15-True.cnf,stdout,0,SATISFIABLE,0.154
log,1,kissat-sc2024+zbin+zkissat,2,53188,3,5,4,100,5,0.5,6,16,7,True,8,53188-5-100-0.5-16-True.cnf,stdout,0,SATISFIABLE,0.097
log,1,kissat-sc2024+zbin+zkissat,2,53188,3,5,4,100,5,0.5,6,17,7,True,8,53188-5-100-0.5-17-True.cnf,stdout,0,SATISFIABLE,0.097
log,1,kissat-sc2024+zbin+zkissat,2,22710,3,5,4,100,5,0.9,6,13,7,True,8,22710-5-100-0.9-13-True.cnf,stdout,0,UNSATISFIABLE,25.918
log,1,kissat-sc2024+zbin+zkissat,2,22710,3,5,4,100,5,0.9,6,14,7,True,8,22710-5-100-0.9-14-True.cnf,stdout,0,UNSATISFIABLE,87.111
log,1,kissat-sc2024+zbin+zkissat,2,22710,3,5,4,100,5,0.9,6,15,7,True,8,22710-5-100-0.9-15-True.cnf,stdout,0,UNSATISFIABLE,401.374
log,1,kissat-sc2024+zbin+zkissat,2,22710,3,5,4,100,5,0.9,6,16,7,True,8,22710-5-100-0.9-16-True.cnf,stdout,0,UNSATISFIABLE,1795.794
log,1,kissat-sc2024+zbin+zkissat,2,22710,3,5,4,100,5,0.9,6,17,7,True,8,22710-5-100-0.9-17-True.cnf,stdout,0,SATISFIABLE,0.121
log,1,kissat-sc2024+zbin+zkissat,2,22710,3,5,4,100,5,0.8,6,13,7,True,8,22710-5-100-0.8-13-True.cnf,stdout,0,UNSATISFIABLE,18.651
log,1,kissat-sc2024+zbin+zkissat,2,22710,3,5,4,100,5,0.8,6,14,7,True,8,22710-5-100-0.8-14-True.cnf,stdout,0,UNSATISFIABLE,89.894
log,1,kissat-sc2024+zbin+zkissat,2,22710,3,5,4,100,5,0.8,6,15,7,True,8,22710-5-100-0.8-15-True.cnf,stdout,0,SATISFIABLE,0.19
log,1,kissat-sc2024+zbin+zkissat,2,22710,3,5,4,100,5,0.8,6,16,7,True,8,22710-5-100-0.8-16-True.cnf,stdout,0,SATISFIABLE,0.101
log,1,kissat-sc2024+zbin+zkissat,2,22710,3,5,4,100,5,0.8,6,17,7,True,8,22710-5-100-0.8-17-True.cnf,stdout,0,SATISFIABLE,0.073
log,1,kissat-sc2024+zbin+zkissat,2,22710,3,5,4,100,5,0.7,6,13,7,True,8,22710-5-100-0.7-13-True.cnf,stdout,0,UNSATISFIABLE,12.641
log,1,kissat-sc2024+zbin+zkissat,2,22710,3,5,4,100,5,0.7,6,14,7,True,8,22710-5-100-0.7-14-True.cnf,stdout,0,UNSATISFIABLE,52.786
log,1,kissat-sc2024+zbin+zkissat,2,22710,3,5,4,100,5,0.7,6,15,7,True,8,22710-5-100-0.7-15-True.cnf,stdout,0,SATISFIABLE,2.342
log,1,kissat-sc2024+zbin+zkissat,2,22710,3,5,4,100,5,0.7,6,16,7,True,8,22710-5-100-0.7-16-True.cnf,stdout,0,SATISFIABLE,0.108
log,1,kissat-sc2024+zbin+zkissat,2,22710,3,5,4,100,5,0.7,6,17,7,True,8,22710-5-100-0.7-17-True.cnf,stdout,0,SATISFIABLE,0.131
log,1,kissat-sc2024+zbin+zkissat,2,22710,3,5,4,100,5,0.6,6,13,7,True,8,22710-5-100-0.6-13-True.cnf,stdout,0,UNSATISFIABLE,10.778
log,1,kissat-sc2024+zbin+zkissat,2,22710,3,5,4,100,5,0.6,6,14,7,True,8,22710-5-100-0.6-14-True.cnf,stdout,0,UNSATISFIABLE,48.313
log,1,kissat-sc2024+zbin+zkissat,2,22710,3,5,4,100,5,0.6,6,15,7,True,8,22710-5-100-0.6-15-True.cnf,stdout,0,UNSATISFIABLE,196.585
log,1,kissat-sc2024+zbin+zkissat,2,22710,3,5,4,100,5,0.6,6,16,7,True,8,22710-5-100-0.6-16-True.cnf,stdout,0,SATISFIABLE,0.835
log,1,kissat-sc2024+zbin+zkissat,2,22710,3,5,4,100,5,0.6,6,17,7,True,8,22710-5-100-0.6-17-True.cnf,stdout,0,SATISFIABLE,0.155
log,1,kissat-sc2024+zbin+zkissat,2,22710,3,5,4,100,5,0.5,6,13,7,True,8,22710-5-100-0.5-13-True.cnf,stdout,0,UNSATISFIABLE,9.884
log,1,kissat-sc2024+zbin+zkissat,2,22710,3,5,4,100,5,0.5,6,14,7,True,8,22710-5-100-0.5-14-True.cnf,stdout,0,UNSATISFIABLE,32.955
log,1,kissat-sc2024+zbin+zkissat,2,22710,3,5,4,100,5,0.5,6,15,7,True,8,22710-5-100-0.5-15-True.cnf,stdout,0,SATISFIABLE,7.775
log,1,kissat-sc2024+zbin+zkissat,2,22710,3,5,4,100,5,0.5,6,16,7,True,8,22710-5-100-0.5-16-True.cnf,stdout,0,SATISFIABLE,0.086
log,1,kissat-sc2024+zbin+zkissat,2,22710,3,5,4,100,5,0.5,6,17,7,True,8,22710-5-100-0.5-17-True.cnf,stdout,0,SATISFIABLE,0.092
log,1,kissat-sc2024+zbin+zkissat,2,42462,3,5,4,100,5,0.9,6,13,7,True,8,42462-5-100-0.9-13-True.cnf,stdout,0,UNSATISFIABLE,14.91
log,1,kissat-sc2024+zbin+zkissat,2,42462,3,5,4,100,5,0.9,6,14,7,True,8,42462-5-100-0.9-14-True.cnf,stdout,0,UNSATISFIABLE,74.523
log,1,kissat-sc2024+zbin+zkissat,2,42462,3,5,4,100,5,0.9,6,15,7,True,8,42462-5-100-0.9-15-True.cnf,stdout,0,UNSATISFIABLE,251.243
log,1,kissat-sc2024+zbin+zkissat,2,42462,3,5,4,100,5,0.9,6,16,7,True,8,42462-5-100-0.9-16-True.cnf,stdout,0,UNSATISFIABLE,1311.79
log,1,kissat-sc2024+zbin+zkissat,2,42462,3,5,4,100,5,0.9,6,17,7,True,8,42462-5-100-0.9-17-True.cnf,stdout,0,UNSATISFIABLE,10159.22
log,1,kissat-sc2024+zbin+zkissat,2,42462,3,5,4,100,5,0.8,6,13,7,True,8,42462-5-100-0.8-13-True.cnf,stdout,0,UNSATISFIABLE,15.447
log,1,kissat-sc2024+zbin+zkissat,2,42462,3,5,4,100,5,0.8,6,14,7,True,8,42462-5-100-0.8-14-True.cnf,stdout,0,UNSATISFIABLE,70.484
log,1,kissat-sc2024+zbin+zkissat,2,42462,3,5,4,100,5,0.8,6,15,7,True,8,42462-5-100-0.8-15-True.cnf,stdout,0,SATISFIABLE,1.616
log,1,kissat-sc2024+zbin+zkissat,2,42462,3,5,4,100,5,0.8,6,16,7,True,8,42462-5-100-0.8-16-True.cnf,stdout,0,SATISFIABLE,0.091
log,1,kissat-sc2024+zbin+zkissat,2,42462,3,5,4,100,5,0.8,6,17,7,True,8,42462-5-100-0.8-17-True.cnf,stdout,0,SATISFIABLE,0.087
log,1,kissat-sc2024+zbin+zkissat,2,42462,3,5,4,100,5,0.7,6,13,7,True,8,42462-5-100-0.7-13-True.cnf,stdout,0,UNSATISFIABLE,9.522
log,1,kissat-sc2024+zbin+zkissat,2,42462,3,5,4,100,5,0.7,6,14,7,True,8,42462-5-100-0.7-14-True.cnf,stdout,0,UNSATISFIABLE,43.974
log,1,kissat-sc2024+zbin+zkissat,2,42462,3,5,4,100,5,0.7,6,15,7,True,8,42462-5-100-0.7-15-True.cnf,stdout,0,SATISFIABLE,0.246
log,1,kissat-sc2024+zbin+zkissat,2,42462,3,5,4,100,5,0.7,6,16,7,True,8,42462-5-100-0.7-16-True.cnf,stdout,0,SATISFIABLE,0.138
log,1,kissat-sc2024+zbin+zkissat,2,42462,3,5,4,100,5,0.7,6,17,7,True,8,42462-5-100-0.7-17-True.cnf,stdout,0,SATISFIABLE,0.141
log,1,kissat-sc2024+zbin+zkissat,2,42462,3,5,4,100,5,0.6,6,13,7,True,8,42462-5-100-0.6-13-True.cnf,stdout,0,UNSATISFIABLE,8.118
log,1,kissat-sc2024+zbin+zkissat,2,42462,3,5,4,100,5,0.6,6,14,7,True,8,42462-5-100-0.6-14-True.cnf,stdout,0,SATISFIABLE,0.726
log,1,kissat-sc2024+zbin+zkissat,2,42462,3,5,4,100,5,0.6,6,15,7,True,8,42462-5-100-0.6-15-True.cnf,stdout,0,SATISFIABLE,0.114
log,1,kissat-sc2024+zbin+zkissat,2,42462,3,5,4,100,5,0.6,6,16,7,True,8,42462-5-100-0.6-16-True.cnf,stdout,0,SATISFIABLE,0.101
log,1,kissat-sc2024+zbin+zkissat,2,42462,3,5,4,100,5,0.6,6,17,7,True,8,42462-5-100-0.6-17-True.cnf,stdout,0,SATISFIABLE,0.013
log,1,kissat-sc2024+zbin+zkissat,2,42462,3,5,4,100,5,0.5,6,13,7,True,8,42462-5-100-0.5-13-True.cnf,stdout,0,UNSATISFIABLE,11.965
log,1,kissat-sc2024+zbin+zkissat,2,42462,3,5,4,100,5,0.5,6,14,7,True,8,42462-5-100-0.5-14-True.cnf,stdout,0,UNSATISFIABLE,47.73
log,1,kissat-sc2024+zbin+zkissat,2,42462,3,5,4,100,5,0.5,6,15,7,True,8,42462-5-100-0.5-15-True.cnf,stdout,0,SATISFIABLE,0.637
log,1,kissat-sc2024+zbin+zkissat,2,42462,3,5,4,100,5,0.5,6,16,7,True,8,42462-5-100-0.5-16-True.cnf,stdout,0,SATISFIABLE,0.138
log,1,kissat-sc2024+zbin+zkissat,2,42462,3,5,4,100,5,0.5,6,17,7,True,8,42462-5-100-0.5-17-True.cnf,stdout,0,SATISFIABLE,0.078
log,1,kissat-sc2024+zbin+zkissat,2,18735,3,5,4,100,5,0.9,6,13,7,True,8,18735-5-100-0.9-13-True.cnf,stdout,0,UNSATISFIABLE,6.715
log,1,kissat-sc2024+zbin+zkissat,2,18735,3,5,4,100,5,0.9,6,14,7,True,8,18735-5-100-0.9-14-True.cnf,stdout,0,UNSATISFIABLE,37.151
log,1,kissat-sc2024+zbin+zkissat,2,18735,3,5,4,100,5,0.9,6,15,7,True,8,18735-5-100-0.9-15-True.cnf,stdout,0,UNSATISFIABLE,158.883
log,1,kissat-sc2024+zbin+zkissat,2,18735,3,5,4,100,5,0.9,6,16,7,True,8,18735-5-100-0.9-16-True.cnf,stdout,0,UNSATISFIABLE,726.388
log,1,kissat-sc2024+zbin+zkissat,2,18735,3,5,4,100,5,0.9,6,17,7,True,8,18735-5-100-0.9-17-True.cnf,stdout,0,SATISFIABLE,0.315
log,1,kissat-sc2024+zbin+zkissat,2,18735,3,5,4,100,5,0.8,6,13,7,True,8,18735-5-100-0.8-13-True.cnf,stdout,0,UNSATISFIABLE,6.342
log,1,kissat-sc2024+zbin+zkissat,2,18735,3,5,4,100,5,0.8,6,14,7,True,8,18735-5-100-0.8-14-True.cnf,stdout,0,UNSATISFIABLE,30.713
log,1,kissat-sc2024+zbin+zkissat,2,18735,3,5,4,100,5,0.8,6,15,7,True,8,18735-5-100-0.8-15-True.cnf,stdout,0,UNSATISFIABLE,116.236
log,1,kissat-sc2024+zbin+zkissat,2,18735,3,5,4,100,5,0.8,6,16,7,True,8,18735-5-100-0.8-16-True.cnf,stdout,0,UNSATISFIABLE,528.483
log,1,kissat-sc2024+zbin+zkissat,2,18735,3,5,4,100,5,0.8,6,17,7,True,8,18735-5-100-0.8-17-True.cnf,stdout,0,SATISFIABLE,0.119
log,1,kissat-sc2024+zbin+zkissat,2,18735,3,5,4,100,5,0.7,6,13,7,True,8,18735-5-100-0.7-13-True.cnf,stdout,0,UNSATISFIABLE,2.759
log,1,kissat-sc2024+zbin+zkissat,2,18735,3,5,4,100,5,0.7,6,14,7,True,8,18735-5-100-0.7-14-True.cnf,stdout,0,UNSATISFIABLE,16.088
log,1,kissat-sc2024+zbin+zkissat,2,18735,3,5,4,100,5,0.7,6,15,7,True,8,18735-5-100-0.7-15-True.cnf,stdout,0,SATISFIABLE,0.126
log,1,kissat-sc2024+zbin+zkissat,2,18735,3,5,4,100,5,0.7,6,16,7,True,8,18735-5-100-0.7-16-True.cnf,stdout,0,SATISFIABLE,0.125
log,1,kissat-sc2024+zbin+zkissat,2,18735,3,5,4,100,5,0.7,6,17,7,True,8,18735-5-100-0.7-17-True.cnf,stdout,0,SATISFIABLE,0.118
log,1,kissat-sc2024+zbin+zkissat,2,18735,3,5,4,100,5,0.6,6,13,7,True,8,18735-5-100-0.6-13-True.cnf,stdout,0,UNSATISFIABLE,7.529
log,1,kissat-sc2024+zbin+zkissat,2,18735,3,5,4,100,5,0.6,6,14,7,True,8,18735-5-100-0.6-14-True.cnf,stdout,0,SATISFIABLE,2.382
log,1,kissat-sc2024+zbin+zkissat,2,18735,3,5,4,100,5,0.6,6,15,7,True,8,18735-5-100-0.6-15-True.cnf,stdout,0,SATISFIABLE,0.164
log,1,kissat-sc2024+zbin+zkissat,2,18735,3,5,4,100,5,0.6,6,16,7,True,8,18735-5-100-0.6-16-True.cnf,stdout,0,SATISFIABLE,0.092
log,1,kissat-sc2024+zbin+zkissat,2,18735,3,5,4,100,5,0.6,6,17,7,True,8,18735-5-100-0.6-17-True.cnf,stdout,0,SATISFIABLE,0.108
log,1,kissat-sc2024+zbin+zkissat,2,18735,3,5,4,100,5,0.5,6,13,7,True,8,18735-5-100-0.5-13-True.cnf,stdout,0,UNSATISFIABLE,8.59
log,1,kissat-sc2024+zbin+zkissat,2,18735,3,5,4,100,5,0.5,6,14,7,True,8,18735-5-100-0.5-14-True.cnf,stdout,0,UNSATISFIABLE,32.572
log,1,kissat-sc2024+zbin+zkissat,2,18735,3,5,4,100,5,0.5,6,15,7,True,8,18735-5-100-0.5-15-True.cnf,stdout,0,SATISFIABLE,0.25
log,1,kissat-sc2024+zbin+zkissat,2,18735,3,5,4,100,5,0.5,6,16,7,True,8,18735-5-100-0.5-16-True.cnf,stdout,0,SATISFIABLE,0.085
log,1,kissat-sc2024+zbin+zkissat,2,18735,3,5,4,100,5,0.5,6,17,7,True,8,18735-5-100-0.5-17-True.cnf,stdout,0,SATISFIABLE,0.144
log,1,kissat-sc2024+zbin+zkissat,2,50408,3,5,4,100,5,0.9,6,13,7,True,8,50408-5-100-0.9-13-True.cnf,stdout,0,UNSATISFIABLE,20.806
log,1,kissat-sc2024+zbin+zkissat,2,50408,3,5,4,100,5,0.9,6,14,7,True,8,50408-5-100-0.9-14-True.cnf,stdout,0,UNSATISFIABLE,97.201
log,1,kissat-sc2024+zbin+zkissat,2,50408,3,5,4,100,5,0.9,6,15,7,True,8,50408-5-100-0.9-15-True.cnf,stdout,0,UNSATISFIABLE,384.723
log,1,kissat-sc2024+zbin+zkissat,2,50408,3,5,4,100,5,0.9,6,16,7,True,8,50408-5-100-0.9-16-True.cnf,stdout,0,UNSATISFIABLE,2253.115
log,1,kissat-sc2024+zbin+zkissat,2,50408,3,5,4,100,5,0.9,6,17,7,True,8,50408-5-100-0.9-17-True.cnf,stdout,0,UNSATISFIABLE,20466.702
log,1,kissat-sc2024+zbin+zkissat,2,50408,3,5,4,100,5,0.8,6,13,7,True,8,50408-5-100-0.8-13-True.cnf,stdout,0,UNSATISFIABLE,28.249
log,1,kissat-sc2024+zbin+zkissat,2,50408,3,5,4,100,5,0.8,6,14,7,True,8,50408-5-100-0.8-14-True.cnf,stdout,0,UNSATISFIABLE,130.209
log,1,kissat-sc2024+zbin+zkissat,2,50408,3,5,4,100,5,0.8,6,15,7,True,8,50408-5-100-0.8-15-True.cnf,stdout,0,SATISFIABLE,0.867
log,1,kissat-sc2024+zbin+zkissat,2,50408,3,5,4,100,5,0.8,6,16,7,True,8,50408-5-100-0.8-16-True.cnf,stdout,0,SATISFIABLE,0.146
log,1,kissat-sc2024+zbin+zkissat,2,50408,3,5,4,100,5,0.8,6,17,7,True,8,50408-5-100-0.8-17-True.cnf,stdout,0,SATISFIABLE,0.099
log,1,kissat-sc2024+zbin+zkissat,2,50408,3,5,4,100,5,0.7,6,13,7,True,8,50408-5-100-0.7-13-True.cnf,stdout,0,UNSATISFIABLE,11.946
log,1,kissat-sc2024+zbin+zkissat,2,50408,3,5,4,100,5,0.7,6,14,7,True,8,50408-5-100-0.7-14-True.cnf,stdout,0,UNSATISFIABLE,44.5
log,1,kissat-sc2024+zbin+zkissat,2,50408,3,5,4,100,5,0.7,6,15,7,True,8,50408-5-100-0.7-15-True.cnf,stdout,0,UNSATISFIABLE,179.617
log,1,kissat-sc2024+zbin+zkissat,2,50408,3,5,4,100,5,0.7,6,16,7,True,8,50408-5-100-0.7-16-True.cnf,stdout,0,SATISFIABLE,0.122
log,1,kissat-sc2024+zbin+zkissat,2,50408,3,5,4,100,5,0.7,6,17,7,True,8,50408-5-100-0.7-17-True.cnf,stdout,0,SATISFIABLE,0.012
log,1,kissat-sc2024+zbin+zkissat,2,50408,3,5,4,100,5,0.6,6,13,7,True,8,50408-5-100-0.6-13-True.cnf,stdout,0,UNSATISFIABLE,26.707
log,1,kissat-sc2024+zbin+zkissat,2,50408,3,5,4,100,5,0.6,6,14,7,True,8,50408-5-100-0.6-14-True.cnf,stdout,0,SATISFIABLE,3.773
log,1,kissat-sc2024+zbin+zkissat,2,50408,3,5,4,100,5,0.6,6,15,7,True,8,50408-5-100-0.6-15-True.cnf,stdout,0,SATISFIABLE,0.385
log,1,kissat-sc2024+zbin+zkissat,2,50408,3,5,4,100,5,0.6,6,16,7,True,8,50408-5-100-0.6-16-True.cnf,stdout,0,SATISFIABLE,0.125
log,1,kissat-sc2024+zbin+zkissat,2,50408,3,5,4,100,5,0.6,6,17,7,True,8,50408-5-100-0.6-17-True.cnf,stdout,0,SATISFIABLE,0.125
log,1,kissat-sc2024+zbin+zkissat,2,50408,3,5,4,100,5,0.5,6,13,7,True,8,50408-5-100-0.5-13-True.cnf,stdout,0,SATISFIABLE,2.678
log,1,kissat-sc2024+zbin+zkissat,2,50408,3,5,4,100,5,0.5,6,14,7,True,8,50408-5-100-0.5-14-True.cnf,stdout,0,SATISFIABLE,0.141
log,1,kissat-sc2024+zbin+zkissat,2,50408,3,5,4,100,5,0.5,6,15,7,True,8,50408-5-100-0.5-15-True.cnf,stdout,0,SATISFIABLE,0.1
log,1,kissat-sc2024+zbin+zkissat,2,50408,3,5,4,100,5,0.5,6,16,7,True,8,50408-5-100-0.5-16-True.cnf,stdout,0,SATISFIABLE,0.114
log,1,kissat-sc2024+zbin+zkissat,2,50408,3,5,4,100,5,0.5,6,17,7,True,8,50408-5-100-0.5-17-True.cnf,stdout,0,SATISFIABLE,0.118
log,1,kissat-sc2024+zbin+zkissat,2,43018,3,5,4,100,5,0.9,6,13,7,True,8,43018-5-100-0.9-13-True.cnf,stdout,0,UNSATISFIABLE,7.437
log,1,kissat-sc2024+zbin+zkissat,2,43018,3,5,4,100,5,0.9,6,14,7,True,8,43018-5-100-0.9-14-True.cnf,stdout,0,UNSATISFIABLE,30.34
log,1,kissat-sc2024+zbin+zkissat,2,43018,3,5,4,100,5,0.9,6,15,7,True,8,43018-5-100-0.9-15-True.cnf,stdout,0,UNSATISFIABLE,99.448
log,1,kissat-sc2024+zbin+zkissat,2,43018,3,5,4,100,5,0.9,6,16,7,True,8,43018-5-100-0.9-16-True.cnf,stdout,0,UNSATISFIABLE,321.595
log,1,kissat-sc2024+zbin+zkissat,2,43018,3,5,4,100,5,0.9,6,17,7,True,8,43018-5-100-0.9-17-True.cnf,stdout,0,UNSATISFIABLE,2021.842
log,1,kissat-sc2024+zbin+zkissat,2,43018,3,5,4,100,5,0.8,6,13,7,True,8,43018-5-100-0.8-13-True.cnf,stdout,0,UNSATISFIABLE,22.71
log,1,kissat-sc2024+zbin+zkissat,2,43018,3,5,4,100,5,0.8,6,14,7,True,8,43018-5-100-0.8-14-True.cnf,stdout,0,UNSATISFIABLE,85.817
log,1,kissat-sc2024+zbin+zkissat,2,43018,3,5,4,100,5,0.8,6,15,7,True,8,43018-5-100-0.8-15-True.cnf,stdout,0,SATISFIABLE,0.387
log,1,kissat-sc2024+zbin+zkissat,2,43018,3,5,4,100,5,0.8,6,16,7,True,8,43018-5-100-0.8-16-True.cnf,stdout,0,SATISFIABLE,1.277
log,1,kissat-sc2024+zbin+zkissat,2,43018,3,5,4,100,5,0.8,6,17,7,True,8,43018-5-100-0.8-17-True.cnf,stdout,0,SATISFIABLE,0.101
log,1,kissat-sc2024+zbin+zkissat,2,43018,3,5,4,100,5,0.7,6,13,7,True,8,43018-5-100-0.7-13-True.cnf,stdout,0,UNSATISFIABLE,17.475
log,1,kissat-sc2024+zbin+zkissat,2,43018,3,5,4,100,5,0.7,6,14,7,True,8,43018-5-100-0.7-14-True.cnf,stdout,0,SATISFIABLE,1.596
log,1,kissat-sc2024+zbin+zkissat,2,43018,3,5,4,100,5,0.7,6,15,7,True,8,43018-5-100-0.7-15-True.cnf,stdout,0,SATISFIABLE,0.174
log,1,kissat-sc2024+zbin+zkissat,2,43018,3,5,4,100,5,0.7,6,16,7,True,8,43018-5-100-0.7-16-True.cnf,stdout,0,SATISFIABLE,0.128
log,1,kissat-sc2024+zbin+zkissat,2,43018,3,5,4,100,5,0.7,6,17,7,True,8,43018-5-100-0.7-17-True.cnf,stdout,0,SATISFIABLE,0.099
log,1,kissat-sc2024+zbin+zkissat,2,43018,3,5,4,100,5,0.6,6,13,7,True,8,43018-5-100-0.6-13-True.cnf,stdout,0,UNSATISFIABLE,13.348
log,1,kissat-sc2024+zbin+zkissat,2,43018,3,5,4,100,5,0.6,6,14,7,True,8,43018-5-100-0.6-14-True.cnf,stdout,0,SATISFIABLE,13.796
log,1,kissat-sc2024+zbin+zkissat,2,43018,3,5,4,100,5,0.6,6,15,7,True,8,43018-5-100-0.6-15-True.cnf,stdout,0,SATISFIABLE,0.113
log,1,kissat-sc2024+zbin+zkissat,2,43018,3,5,4,100,5,0.6,6,16,7,True,8,43018-5-100-0.6-16-True.cnf,stdout,0,SATISFIABLE,0.139
log,1,kissat-sc2024+zbin+zkissat,2,43018,3,5,4,100,5,0.6,6,17,7,True,8,43018-5-100-0.6-17-True.cnf,stdout,0,SATISFIABLE,0.082
log,1,kissat-sc2024+zbin+zkissat,2,43018,3,5,4,100,5,0.5,6,13,7,True,8,43018-5-100-0.5-13-True.cnf,stdout,0,UNSATISFIABLE,2.08
log,1,kissat-sc2024+zbin+zkissat,2,43018,3,5,4,100,5,0.5,6,14,7,True,8,43018-5-100-0.5-14-True.cnf,stdout,0,SATISFIABLE,2.427
log,1,kissat-sc2024+zbin+zkissat,2,43018,3,5,4,100,5,0.5,6,15,7,True,8,43018-5-100-0.5-15-True.cnf,stdout,0,SATISFIABLE,0.266
log,1,kissat-sc2024+zbin+zkissat,2,43018,3,5,4,100,5,0.5,6,16,7,True,8,43018-5-100-0.5-16-True.cnf,stdout,0,SATISFIABLE,0.133
log,1,kissat-sc2024+zbin+zkissat,2,43018,3,5,4,100,5,0.5,6,17,7,True,8,43018-5-100-0.5-17-True.cnf,stdout,0,SATISFIABLE,0.142
log,1,kissat-sc2024+zbin+zkissat,2,65828,3,5,4,100,5,0.9,6,13,7,True,8,65828-5-100-0.9-13-True.cnf,stdout,0,UNSATISFIABLE,8.19
log,1,kissat-sc2024+zbin+zkissat,2,65828,3,5,4,100,5,0.9,6,14,7,True,8,65828-5-100-0.9-14-True.cnf,stdout,0,UNSATISFIABLE,30.256
log,1,kissat-sc2024+zbin+zkissat,2,65828,3,5,4,100,5,0.9,6,15,7,True,8,65828-5-100-0.9-15-True.cnf,stdout,0,UNSATISFIABLE,117.157
log,1,kissat-sc2024+zbin+zkissat,2,65828,3,5,4,100,5,0.9,6,16,7,True,8,65828-5-100-0.9-16-True.cnf,stdout,0,SATISFIABLE,0.125
log,1,kissat-sc2024+zbin+zkissat,2,65828,3,5,4,100,5,0.9,6,17,7,True,8,65828-5-100-0.9-17-True.cnf,stdout,0,SATISFIABLE,0.098
log,1,kissat-sc2024+zbin+zkissat,2,65828,3,5,4,100,5,0.8,6,13,7,True,8,65828-5-100-0.8-13-True.cnf,stdout,0,UNSATISFIABLE,10.196
log,1,kissat-sc2024+zbin+zkissat,2,65828,3,5,4,100,5,0.8,6,14,7,True,8,65828-5-100-0.8-14-True.cnf,stdout,0,UNSATISFIABLE,39.776
log,1,kissat-sc2024+zbin+zkissat,2,65828,3,5,4,100,5,0.8,6,15,7,True,8,65828-5-100-0.8-15-True.cnf,stdout,0,UNSATISFIABLE,165.51
log,1,kissat-sc2024+zbin+zkissat,2,65828,3,5,4,100,5,0.8,6,16,7,True,8,65828-5-100-0.8-16-True.cnf,stdout,0,SATISFIABLE,0.121
log,1,kissat-sc2024+zbin+zkissat,2,65828,3,5,4,100,5,0.8,6,17,7,True,8,65828-5-100-0.8-17-True.cnf,stdout,0,SATISFIABLE,0.096
log,1,kissat-sc2024+zbin+zkissat,2,65828,3,5,4,100,5,0.7,6,13,7,True,8,65828-5-100-0.7-13-True.cnf,stdout,0,UNSATISFIABLE,8.292
log,1,kissat-sc2024+zbin+zkissat,2,65828,3,5,4,100,5,0.7,6,14,7,True,8,65828-5-100-0.7-14-True.cnf,stdout,0,UNSATISFIABLE,39.378
log,1,kissat-sc2024+zbin+zkissat,2,65828,3,5,4,100,5,0.7,6,15,7,True,8,65828-5-100-0.7-15-True.cnf,stdout,0,SATISFIABLE,0.142
log,1,kissat-sc2024+zbin+zkissat,2,65828,3,5,4,100,5,0.7,6,16,7,True,8,65828-5-100-0.7-16-True.cnf,stdout,0,SATISFIABLE,0.095
log,1,kissat-sc2024+zbin+zkissat,2,65828,3,5,4,100,5,0.7,6,17,7,True,8,65828-5-100-0.7-17-True.cnf,stdout,0,SATISFIABLE,0.101
log,1,kissat-sc2024+zbin+zkissat,2,65828,3,5,4,100,5,0.6,6,13,7,True,8,65828-5-100-0.6-13-True.cnf,stdout,0,UNSATISFIABLE,14.611
log,1,kissat-sc2024+zbin+zkissat,2,65828,3,5,4,100,5,0.6,6,14,7,True,8,65828-5-100-0.6-14-True.cnf,stdout,0,UNSATISFIABLE,64.45
log,1,kissat-sc2024+zbin+zkissat,2,65828,3,5,4,100,5,0.6,6,15,7,True,8,65828-5-100-0.6-15-True.cnf,stdout,0,UNSATISFIABLE,218.361
log,1,kissat-sc2024+zbin+zkissat,2,65828,3,5,4,100,5,0.6,6,16,7,True,8,65828-5-100-0.6-16-True.cnf,stdout,0,SATISFIABLE,0.808
log,1,kissat-sc2024+zbin+zkissat,2,65828,3,5,4,100,5,0.6,6,17,7,True,8,65828-5-100-0.6-17-True.cnf,stdout,0,SATISFIABLE,0.137
log,1,kissat-sc2024+zbin+zkissat,2,65828,3,5,4,100,5,0.5,6,13,7,True,8,65828-5-100-0.5-13-True.cnf,stdout,0,UNSATISFIABLE,3.636
log,1,kissat-sc2024+zbin+zkissat,2,65828,3,5,4,100,5,0.5,6,14,7,True,8,65828-5-100-0.5-14-True.cnf,stdout,0,UNSATISFIABLE,10.739
log,1,kissat-sc2024+zbin+zkissat,2,65828,3,5,4,100,5,0.5,6,15,7,True,8,65828-5-100-0.5-15-True.cnf,stdout,0,SATISFIABLE,2.806
log,1,kissat-sc2024+zbin+zkissat,2,65828,3,5,4,100,5,0.5,6,16,7,True,8,65828-5-100-0.5-16-True.cnf,stdout,0,SATISFIABLE,0.124
log,1,kissat-sc2024+zbin+zkissat,2,65828,3,5,4,100,5,0.5,6,17,7,True,8,65828-5-100-0.5-17-True.cnf,stdout,0,SATISFIABLE,0.095
log,1,kissat-sc2024+zbin+zkissat,2,78144,3,5,4,100,5,0.9,6,13,7,True,8,78144-5-100-0.9-13-True.cnf,stdout,0,UNSATISFIABLE,7.96
log,1,kissat-sc2024+zbin+zkissat,2,78144,3,5,4,100,5,0.9,6,14,7,True,8,78144-5-100-0.9-14-True.cnf,stdout,0,UNSATISFIABLE,47.111
log,1,kissat-sc2024+zbin+zkissat,2,78144,3,5,4,100,5,0.9,6,15,7,True,8,78144-5-100-0.9-15-True.cnf,stdout,0,UNSATISFIABLE,181.725
log,1,kissat-sc2024+zbin+zkissat,2,78144,3,5,4,100,5,0.9,6,16,7,True,8,78144-5-100-0.9-16-True.cnf,stdout,0,UNSATISFIABLE,1121.703
log,1,kissat-sc2024+zbin+zkissat,2,78144,3,5,4,100,5,0.9,6,17,7,True,8,78144-5-100-0.9-17-True.cnf,stdout,0,UNSATISFIABLE,8129.496
log,1,kissat-sc2024+zbin+zkissat,2,78144,3,5,4,100,5,0.8,6,13,7,True,8,78144-5-100-0.8-13-True.cnf,stdout,0,UNSATISFIABLE,9.785
log,1,kissat-sc2024+zbin+zkissat,2,78144,3,5,4,100,5,0.8,6,14,7,True,8,78144-5-100-0.8-14-True.cnf,stdout,0,UNSATISFIABLE,30.98
log,1,kissat-sc2024+zbin+zkissat,2,78144,3,5,4,100,5,0.8,6,15,7,True,8,78144-5-100-0.8-15-True.cnf,stdout,0,SATISFIABLE,0.794
log,1,kissat-sc2024+zbin+zkissat,2,78144,3,5,4,100,5,0.8,6,16,7,True,8,78144-5-100-0.8-16-True.cnf,stdout,0,SATISFIABLE,0.108
log,1,kissat-sc2024+zbin+zkissat,2,78144,3,5,4,100,5,0.8,6,17,7,True,8,78144-5-100-0.8-17-True.cnf,stdout,0,SATISFIABLE,0.096
log,1,kissat-sc2024+zbin+zkissat,2,78144,3,5,4,100,5,0.7,6,13,7,True,8,78144-5-100-0.7-13-True.cnf,stdout,0,UNSATISFIABLE,15.569
log,1,kissat-sc2024+zbin+zkissat,2,78144,3,5,4,100,5,0.7,6,14,7,True,8,78144-5-100-0.7-14-True.cnf,stdout,0,UNSATISFIABLE,76.21
log,1,kissat-sc2024+zbin+zkissat,2,78144,3,5,4,100,5,0.7,6,15,7,True,8,78144-5-100-0.7-15-True.cnf,stdout,0,SATISFIABLE,9.325
log,1,kissat-sc2024+zbin+zkissat,2,78144,3,5,4,100,5,0.7,6,16,7,True,8,78144-5-100-0.7-16-True.cnf,stdout,0,SATISFIABLE,0.858
log,1,kissat-sc2024+zbin+zkissat,2,78144,3,5,4,100,5,0.7,6,17,7,True,8,78144-5-100-0.7-17-True.cnf,stdout,0,SATISFIABLE,0.09
log,1,kissat-sc2024+zbin+zkissat,2,78144,3,5,4,100,5,0.6,6,13,7,True,8,78144-5-100-0.6-13-True.cnf,stdout,0,UNSATISFIABLE,6.47
log,1,kissat-sc2024+zbin+zkissat,2,78144,3,5,4,100,5,0.6,6,14,7,True,8,78144-5-100-0.6-14-True.cnf,stdout,0,SATISFIABLE,2.08
log,1,kissat-sc2024+zbin+zkissat,2,78144,3,5,4,100,5,0.6,6,15,7,True,8,78144-5-100-0.6-15-True.cnf,stdout,0,SATISFIABLE,0.138
log,1,kissat-sc2024+zbin+zkissat,2,78144,3,5,4,100,5,0.6,6,16,7,True,8,78144-5-100-0.6-16-True.cnf,stdout,0,SATISFIABLE,0.138
log,1,kissat-sc2024+zbin+zkissat,2,78144,3,5,4,100,5,0.6,6,17,7,True,8,78144-5-100-0.6-17-True.cnf,stdout,0,SATISFIABLE,0.096
log,1,kissat-sc2024+zbin+zkissat,2,78144,3,5,4,100,5,0.5,6,13,7,True,8,78144-5-100-0.5-13-True.cnf,stdout,0,UNSATISFIABLE,16.267
log,1,kissat-sc2024+zbin+zkissat,2,78144,3,5,4,100,5,0.5,6,14,7,True,8,78144-5-100-0.5-14-True.cnf,stdout,0,UNSATISFIABLE,58.141
log,1,kissat-sc2024+zbin+zkissat,2,78144,3,5,4,100,5,0.5,6,15,7,True,8,78144-5-100-0.5-15-True.cnf,stdout,0,UNSATISFIABLE,259.322
log,1,kissat-sc2024+zbin+zkissat,2,78144,3,5,4,100,5,0.5,6,16,7,True,8,78144-5-100-0.5-16-True.cnf,stdout,0,SATISFIABLE,0.152
log,1,kissat-sc2024+zbin+zkissat,2,78144,3,5,4,100,5,0.5,6,17,7,True,8,78144-5-100-0.5-17-True.cnf,stdout,0,SATISFIABLE,0.119
log,1,kissat-sc2024+zbin+zkissat,2,71681,3,5,4,100,5,0.9,6,13,7,True,8,71681-5-100-0.9-13-True.cnf,stdout,0,UNSATISFIABLE,22.296
log,1,kissat-sc2024+zbin+zkissat,2,71681,3,5,4,100,5,0.9,6,14,7,True,8,71681-5-100-0.9-14-True.cnf,stdout,0,UNSATISFIABLE,64.669
log,1,kissat-sc2024+zbin+zkissat,2,71681,3,5,4,100,5,0.9,6,15,7,True,8,71681-5-100-0.9-15-True.cnf,stdout,0,UNSATISFIABLE,300.772
log,1,kissat-sc2024+zbin+zkissat,2,71681,3,5,4,100,5,0.9,6,16,7,True,8,71681-5-100-0.9-16-True.cnf,stdout,0,SATISFIABLE,0.069
log,1,kissat-sc2024+zbin+zkissat,2,71681,3,5,4,100,5,0.9,6,17,7,True,8,71681-5-100-0.9-17-True.cnf,stdout,0,SATISFIABLE,0.076
log,1,kissat-sc2024+zbin+zkissat,2,71681,3,5,4,100,5,0.8,6,13,7,True,8,71681-5-100-0.8-13-True.cnf,stdout,0,UNSATISFIABLE,1.246
log,1,kissat-sc2024+zbin+zkissat,2,71681,3,5,4,100,5,0.8,6,14,7,True,8,71681-5-100-0.8-14-True.cnf,stdout,0,UNSATISFIABLE,4.062
log,1,kissat-sc2024+zbin+zkissat,2,71681,3,5,4,100,5,0.8,6,15,7,True,8,71681-5-100-0.8-15-True.cnf,stdout,0,UNSATISFIABLE,19.695
log,1,kissat-sc2024+zbin+zkissat,2,71681,3,5,4,100,5,0.8,6,16,7,True,8,71681-5-100-0.8-16-True.cnf,stdout,0,SATISFIABLE,0.128
log,1,kissat-sc2024+zbin+zkissat,2,71681,3,5,4,100,5,0.8,6,17,7,True,8,71681-5-100-0.8-17-True.cnf,stdout,0,SATISFIABLE,0.067
log,1,kissat-sc2024+zbin+zkissat,2,71681,3,5,4,100,5,0.7,6,13,7,True,8,71681-5-100-0.7-13-True.cnf,stdout,0,SATISFIABLE,9.955
log,1,kissat-sc2024+zbin+zkissat,2,71681,3,5,4,100,5,0.7,6,14,7,True,8,71681-5-100-0.7-14-True.cnf,stdout,0,SATISFIABLE,0.342
log,1,kissat-sc2024+zbin+zkissat,2,71681,3,5,4,100,5,0.7,6,15,7,True,8,71681-5-100-0.7-15-True.cnf,stdout,0,SATISFIABLE,0.096
log,1,kissat-sc2024+zbin+zkissat,2,71681,3,5,4,100,5,0.7,6,16,7,True,8,71681-5-100-0.7-16-True.cnf,stdout,0,SATISFIABLE,0.087
log,1,kissat-sc2024+zbin+zkissat,2,71681,3,5,4,100,5,0.7,6,17,7,True,8,71681-5-100-0.7-17-True.cnf,stdout,0,SATISFIABLE,0.09
log,1,kissat-sc2024+zbin+zkissat,2,71681,3,5,4,100,5,0.6,6,13,7,True,8,71681-5-100-0.6-13-True.cnf,stdout,0,UNSATISFIABLE,4.058
log,1,kissat-sc2024+zbin+zkissat,2,71681,3,5,4,100,5,0.6,6,14,7,True,8,71681-5-100-0.6-14-True.cnf,stdout,0,SATISFIABLE,4.839
log,1,kissat-sc2024+zbin+zkissat,2,71681,3,5,4,100,5,0.6,6,15,7,True,8,71681-5-100-0.6-15-True.cnf,stdout,0,SATISFIABLE,0.873
log,1,kissat-sc2024+zbin+zkissat,2,71681,3,5,4,100,5,0.6,6,16,7,True,8,71681-5-100-0.6-16-True.cnf,stdout,0,SATISFIABLE,0.089
log,1,kissat-sc2024+zbin+zkissat,2,71681,3,5,4,100,5,0.6,6,17,7,True,8,71681-5-100-0.6-17-True.cnf,stdout,0,SATISFIABLE,0.108
log,1,kissat-sc2024+zbin+zkissat,2,71681,3,5,4,100,5,0.5,6,13,7,True,8,71681-5-100-0.5-13-True.cnf,stdout,0,UNSATISFIABLE,7.491
log,1,kissat-sc2024+zbin+zkissat,2,71681,3,5,4,100,5,0.5,6,14,7,True,8,71681-5-100-0.5-14-True.cnf,stdout,0,SATISFIABLE,0.144
log,1,kissat-sc2024+zbin+zkissat,2,71681,3,5,4,100,5,0.5,6,15,7,True,8,71681-5-100-0.5-15-True.cnf,stdout,0,SATISFIABLE,0.137
log,1,kissat-sc2024+zbin+zkissat,2,71681,3,5,4,100,5,0.5,6,16,7,True,8,71681-5-100-0.5-16-True.cnf,stdout,0,SATISFIABLE,0.114
log,1,kissat-sc2024+zbin+zkissat,2,71681,3,5,4,100,5,0.5,6,17,7,True,8,71681-5-100-0.5-17-True.cnf,stdout,0,SATISFIABLE,0.088
log,1,kissat-sc2024+zbin+zkissat,2,81023,3,5,4,100,5,0.9,6,13,7,True,8,81023-5-100-0.9-13-True.cnf,stdout,0,UNSATISFIABLE,5.978
log,1,kissat-sc2024+zbin+zkissat,2,81023,3,5,4,100,5,0.9,6,14,7,True,8,81023-5-100-0.9-14-True.cnf,stdout,0,UNSATISFIABLE,33.174
log,1,kissat-sc2024+zbin+zkissat,2,81023,3,5,4,100,5,0.9,6,15,7,True,8,81023-5-100-0.9-15-True.cnf,stdout,0,UNSATISFIABLE,162.297
log,1,kissat-sc2024+zbin+zkissat,2,81023,3,5,4,100,5,0.9,6,16,7,True,8,81023-5-100-0.9-16-True.cnf,stdout,0,UNSATISFIABLE,750.358
log,1,kissat-sc2024+zbin+zkissat,2,81023,3,5,4,100,5,0.9,6,17,7,True,8,81023-5-100-0.9-17-True.cnf,stdout,0,SATISFIABLE,0.131
log,1,kissat-sc2024+zbin+zkissat,2,81023,3,5,4,100,5,0.8,6,13,7,True,8,81023-5-100-0.8-13-True.cnf,stdout,0,UNSATISFIABLE,22.946
log,1,kissat-sc2024+zbin+zkissat,2,81023,3,5,4,100,5,0.8,6,14,7,True,8,81023-5-100-0.8-14-True.cnf,stdout,0,UNSATISFIABLE,96.917
log,1,kissat-sc2024+zbin+zkissat,2,81023,3,5,4,100,5,0.8,6,15,7,True,8,81023-5-100-0.8-15-True.cnf,stdout,0,SATISFIABLE,0.148
log,1,kissat-sc2024+zbin+zkissat,2,81023,3,5,4,100,5,0.8,6,16,7,True,8,81023-5-100-0.8-16-True.cnf,stdout,0,SATISFIABLE,0.087
log,1,kissat-sc2024+zbin+zkissat,2,81023,3,5,4,100,5,0.8,6,17,7,True,8,81023-5-100-0.8-17-True.cnf,stdout,0,SATISFIABLE,0.095
log,1,kissat-sc2024+zbin+zkissat,2,81023,3,5,4,100,5,0.7,6,13,7,True,8,81023-5-100-0.7-13-True.cnf,stdout,0,UNSATISFIABLE,11.531
log,1,kissat-sc2024+zbin+zkissat,2,81023,3,5,4,100,5,0.7,6,14,7,True,8,81023-5-100-0.7-14-True.cnf,stdout,0,SATISFIABLE,2.383
log,1,kissat-sc2024+zbin+zkissat,2,81023,3,5,4,100,5,0.7,6,15,7,True,8,81023-5-100-0.7-15-True.cnf,stdout,0,SATISFIABLE,0.123
log,1,kissat-sc2024+zbin+zkissat,2,81023,3,5,4,100,5,0.7,6,16,7,True,8,81023-5-100-0.7-16-True.cnf,stdout,0,SATISFIABLE,0.12
log,1,kissat-sc2024+zbin+zkissat,2,81023,3,5,4,100,5,0.7,6,17,7,True,8,81023-5-100-0.7-17-True.cnf,stdout,0,SATISFIABLE,0.084
log,1,kissat-sc2024+zbin+zkissat,2,81023,3,5,4,100,5,0.6,6,13,7,True,8,81023-5-100-0.6-13-True.cnf,stdout,0,UNSATISFIABLE,13.585
log,1,kissat-sc2024+zbin+zkissat,2,81023,3,5,4,100,5,0.6,6,14,7,True,8,81023-5-100-0.6-14-True.cnf,stdout,0,UNSATISFIABLE,58.966
log,1,kissat-sc2024+zbin+zkissat,2,81023,3,5,4,100,5,0.6,6,15,7,True,8,81023-5-100-0.6-15-True.cnf,stdout,0,SATISFIABLE,0.15
log,1,kissat-sc2024+zbin+zkissat,2,81023,3,5,4,100,5,0.6,6,16,7,True,8,81023-5-100-0.6-16-True.cnf,stdout,0,SATISFIABLE,0.098
log,1,kissat-sc2024+zbin+zkissat,2,81023,3,5,4,100,5,0.6,6,17,7,True,8,81023-5-100-0.6-17-True.cnf,stdout,0,SATISFIABLE,0.085
log,1,kissat-sc2024+zbin+zkissat,2,81023,3,5,4,100,5,0.5,6,13,7,True,8,81023-5-100-0.5-13-True.cnf,stdout,0,UNSATISFIABLE,9.921
log,1,kissat-sc2024+zbin+zkissat,2,81023,3,5,4,100,5,0.5,6,14,7,True,8,81023-5-100-0.5-14-True.cnf,stdout,0,SATISFIABLE,1.321
log,1,kissat-sc2024+zbin+zkissat,2,81023,3,5,4,100,5,0.5,6,15,7,True,8,81023-5-100-0.5-15-True.cnf,stdout,0,SATISFIABLE,0.082
log,1,kissat-sc2024+zbin+zkissat,2,81023,3,5,4,100,5,0.5,6,16,7,True,8,81023-5-100-0.5-16-True.cnf,stdout,0,SATISFIABLE,0.082
log,1,kissat-sc2024+zbin+zkissat,2,81023,3,5,4,100,5,0.5,6,17,7,True,8,81023-5-100-0.5-17-True.cnf,stdout,0,SATISFIABLE,0.09
